Well,Channel,Volume(ul)
A1,C,0.0
A1,M,15.935
A1,Y,49.797
A1,K,34.268
A2,C,0.0
A2,M,16.352
A2,Y,52.328
A2,K,31.32
A3,C,0.0
A3,M,17.597
A3,Y,54.99
A3,K,27.413
A4,C,0.0
A4,M,19.078
A4,Y,56.174
A4,K,24.747
A5,C,0.0
A5,M,18.999
A5,Y,58.053
A5,K,22.948
A6,C,0.0
A6,M,20.486
A6,Y,61.457
A6,K,18.058
A7,C,0.0
A7,M,20.286
A7,Y,60.859
A7,K,18.854
A8,C,0.0
A8,M,20.303
A8,Y,60.908
A8,K,18.79
A9,C,0.0
A9,M,20.522
A9,Y,60.485
A9,K,18.993
A10,C,0.0
A10,M,20.336
A10,Y,59.937
A10,K,19.727
A11,C,0.0
A11,M,21.113
A11,Y,61.227
A11,K,17.66
A12,C,0.0
A12,M,21.922
A12,Y,63.575
A12,K,14.503
A13,C,0.0
A13,M,21.135
A13,Y,64.648
A13,K,14.217
A14,C,0.0
A14,M,22.502
A14,Y,63.954
A14,K,13.543
A15,C,0.0
A15,M,22.079
A15,Y,65.01
A15,K,12.911
A16,C,0.0
A16,M,22.462
A16,Y,66.066
A16,K,11.472
A17,C,0.0
A17,M,21.905
A17,Y,65.715
A17,K,12.38
A18,C,0.0
A18,M,22.191
A18,Y,65.267
A18,K,12.542
A19,C,0.0
A19,M,22.611
A19,Y,65.32
A19,K,12.069
A20,C,0.0
A20,M,22.478
A20,Y,65.069
A20,K,12.452
A21,C,0.0
A21,M,22.478
A21,Y,65.069
A21,K,12.452
A22,C,0.0
A22,M,23.513
A22,Y,68.063
A22,K,8.425
A23,C,0.0
A23,M,21.865
A23,Y,68.168
A23,K,9.967
A24,C,0.0
A24,M,21.79
A24,Y,66.58
A24,K,11.631
A25,C,0.0
A25,M,21.865
A25,Y,68.168
A25,K,9.967
A26,C,0.0
A26,M,21.96
A26,Y,69.998
A26,K,8.041
A27,C,0.0
A27,M,21.374
A27,Y,70.8
A27,K,7.826
A28,C,0.0
A28,M,21.849
A28,Y,69.402
A28,K,8.75
A29,C,0.0
A29,M,21.849
A29,Y,69.402
A29,K,8.75
A30,C,0.0
A30,M,21.459
A30,Y,71.529
A30,K,7.013
A31,C,0.0
A31,M,20.055
A31,Y,70.193
A31,K,9.752
A32,C,0.0
A32,M,20.055
A32,Y,70.193
A32,K,9.752
A33,C,0.0
A33,M,22.15
A33,Y,67.753
A33,K,10.097
A34,C,0.0
A34,M,20.889
A34,Y,69.63
A34,K,9.481
A35,C,0.0
A35,M,21.663
A35,Y,70.405
A35,K,7.932
A36,C,0.0
A36,M,22.54
A36,Y,70.124
A36,K,7.336
A37,C,0.0
A37,M,21.96
A37,Y,69.998
A37,K,8.041
A38,C,0.0
A38,M,21.472
A38,Y,70.141
A38,K,8.387
A39,C,0.0
A39,M,21.169
A39,Y,70.563
A39,K,8.268
A40,C,0.0
A40,M,22.118
A40,Y,70.259
A40,K,7.623
A41,C,0.0
A41,M,22.687
A41,Y,68.06
A41,K,9.253
A42,C,0.0
A42,M,22.425
A42,Y,68.594
A42,K,8.98
A43,C,0.0
A43,M,22.133
A43,Y,69.003
A43,K,8.863
A44,C,0.0
A44,M,22.961
A44,Y,67.675
A44,K,9.364
A45,C,0.0
A45,M,23.242
A45,Y,67.279
A45,K,9.479
A46,C,0.0
A46,M,22.425
A46,Y,68.594
A46,K,8.98
A47,C,0.0
A47,M,23.53
A47,Y,66.874
A47,K,9.596
A48,C,0.0
A48,M,23.296
A48,Y,64.594
A48,K,12.109
B1,C,0.0
B1,M,16.845
B1,Y,52.518
B1,K,30.637
B2,C,0.0
B2,M,17.118
B2,Y,54.563
B2,K,28.32
B3,C,0.0
B3,M,17.365
B3,Y,56.435
B3,K,26.2
B4,C,0.0
B4,M,18.943
B4,Y,56.83
B4,K,24.227
B5,C,0.0
B5,M,20.902
B5,Y,62.705
B5,K,16.393
B6,C,0.0
B6,M,21.574
B6,Y,64.721
B6,K,13.706
B7,C,0.0
B7,M,21.781
B7,Y,63.051
B7,K,15.168
B8,C,0.0
B8,M,20.902
B8,Y,62.705
B8,K,16.393
B9,C,0.0
B9,M,21.142
B9,Y,61.202
B9,K,17.656
B10,C,0.0
B10,M,21.592
B10,Y,61.366
B10,K,17.042
B11,C,0.0
B11,M,22.239
B11,Y,64.376
B11,K,13.385
B12,C,0.0
B12,M,22.079
B12,Y,65.01
B12,K,12.911
B13,C,0.0
B13,M,22.014
B13,Y,66.041
B13,K,11.946
B14,C,0.0
B14,M,21.715
B14,Y,66.502
B14,K,11.783
B15,C,0.0
B15,M,23.151
B15,Y,66.882
B15,K,9.967
B16,C,0.0
B16,M,21.947
B16,Y,71.329
B16,K,6.724
B17,C,0.0
B17,M,23.106
B17,Y,70.602
B17,K,6.292
B18,C,0.0
B18,M,22.242
B18,Y,72.285
B18,K,5.473
B19,C,0.0
B19,M,22.397
B19,Y,71.144
B19,K,6.458
B20,C,0.0
B20,M,23.003
B20,Y,70.363
B20,K,6.633
B21,C,0.0
B21,M,21.459
B21,Y,71.529
B21,K,7.013
B22,C,0.0
B22,M,21.459
B22,Y,71.529
B22,K,7.013
B23,C,0.0
B23,M,20.874
B23,Y,70.972
B23,K,8.153
B24,C,0.0
B24,M,21.317
B24,Y,68.966
B24,K,9.717
B25,C,0.0
B25,M,20.874
B25,Y,70.972
B25,K,8.153
B26,C,0.0
B26,M,20.319
B26,Y,72.567
B26,K,7.114
B27,C,0.0
B27,M,20.028
B27,Y,72.959
B27,K,7.013
B28,C,0.0
B28,M,20.862
B28,Y,72.321
B28,K,6.818
B29,C,0.0
B29,M,19.746
B29,Y,73.341
B29,K,6.914
B30,C,0.0
B30,M,19.157
B30,Y,72.209
B30,K,8.634
B31,C,0.0
B31,M,18.779
B31,Y,73.55
B31,K,7.671
B32,C,0.0
B32,M,19.444
B32,Y,71.793
B32,K,8.763
B33,C,0.0
B33,M,21.663
B33,Y,70.405
B33,K,7.932
B34,C,0.0
B34,M,20.018
B34,Y,74.352
B34,K,5.63
B35,C,0.0
B35,M,21.361
B35,Y,72.094
B35,K,6.545
B36,C,0.0
B36,M,21.834
B36,Y,70.641
B36,K,7.525
B37,C,0.0
B37,M,19.431
B37,Y,73.242
B37,K,7.327
B38,C,0.0
B38,M,20.332
B38,Y,73.51
B38,K,6.158
B39,C,0.0
B39,M,20.019
B39,Y,73.918
B39,K,6.063
B40,C,0.0
B40,M,19.145
B40,Y,73.636
B40,K,7.219
B41,C,0.0
B41,M,21.374
B41,Y,70.8
B41,K,7.826
B42,C,0.0
B42,M,22.253
B42,Y,70.93
B42,K,6.818
B43,C,0.0
B43,M,21.388
B43,Y,69.511
B43,K,9.1
B44,C,0.0
B44,M,23.225
B44,Y,68.453
B44,K,8.322
B45,C,0.0
B45,M,23.225
B45,Y,68.453
B45,K,8.322
B46,C,0.0
B46,M,20.874
B46,Y,70.972
B46,K,8.153
B47,C,0.0
B47,M,22.118
B47,Y,70.259
B47,K,7.623
B48,C,0.0
B48,M,23.828
B48,Y,65.268
B48,K,10.904
C1,C,0.0
C1,M,16.921
C1,Y,53.749
C1,K,29.33
C2,C,0.0
C2,M,18.838
C2,Y,57.562
C2,K,23.599
C3,C,0.0
C3,M,12.932
C3,Y,43.499
C3,K,43.568
C4,C,0.0
C4,M,1.655
C4,Y,19.856
C4,K,78.489
C5,C,0.0
C5,M,17.887
C5,Y,57.493
C5,K,24.62
C6,C,0.0
C6,M,21.959
C6,Y,65.877
C6,K,12.165
C7,C,0.0
C7,M,20.702
C7,Y,62.106
C7,K,17.192
C8,C,0.0
C8,M,21.147
C8,Y,62.267
C8,K,16.586
C9,C,0.0
C9,M,20.91
C9,Y,61.629
C9,K,17.461
C10,C,0.0
C10,M,21.307
C10,Y,61.79
C10,K,16.903
C11,C,0.0
C11,M,22.139
C11,Y,64.204
C11,K,13.657
C12,C,0.0
C12,M,22.98
C12,Y,66.52
C12,K,10.501
C13,C,0.0
C13,M,23.003
C13,Y,70.363
C13,K,6.633
C14,C,0.0
C14,M,23.225
C14,Y,68.453
C14,K,8.322
C15,C,0.0
C15,M,20.638
C15,Y,65.785
C15,K,13.577
C16,C,0.0
C16,M,20.167
C16,Y,64.283
C16,K,15.55
C17,C,0.0
C17,M,19.374
C17,Y,59.333
C17,K,21.293
C18,C,0.0
C18,M,15.626
C18,Y,60.941
C18,K,23.433
C19,C,0.0
C19,M,19.876
C19,Y,63.888
C19,K,16.235
C20,C,0.0
C20,M,21.374
C20,Y,70.8
C20,K,7.826
C21,C,0.0
C21,M,21.536
C21,Y,73.476
C21,K,4.988
C22,C,0.0
C22,M,22.518
C22,Y,72.557
C22,K,4.925
C23,C,0.0
C23,M,21.849
C23,Y,69.402
C23,K,8.75
C24,C,0.0
C24,M,21.753
C24,Y,68.883
C24,K,9.364
C25,C,0.0
C25,M,20.817
C25,Y,71.56
C25,K,7.623
C26,C,0.0
C26,M,21.08
C26,Y,72.462
C26,K,6.458
C27,C,0.0
C27,M,22.106
C27,Y,71.52
C27,K,6.374
C28,C,0.0
C28,M,21.08
C28,Y,72.462
C28,K,6.458
C29,C,0.0
C29,M,20.806
C29,Y,72.82
C29,K,6.374
C30,C,0.0
C30,M,21.361
C30,Y,72.094
C30,K,6.545
C31,C,0.0
C31,M,19.746
C31,Y,73.341
C31,K,6.914
C32,C,0.0
C32,M,19.746
C32,Y,73.341
C32,K,6.914
C33,C,0.0
C33,M,19.758
C33,Y,71.974
C33,K,8.268
C34,C,0.0
C34,M,17.044
C34,Y,74.568
C34,K,8.388
C35,C,0.0
C35,M,15.932
C35,Y,75.107
C35,K,8.961
C36,C,0.0
C36,M,21.374
C36,Y,70.8
C36,K,7.826
C37,C,0.0
C37,M,21.989
C37,Y,70.854
C37,K,7.157
C38,C,0.0
C38,M,20.018
C38,Y,74.352
C38,K,5.63
C39,C,0.0
C39,M,20.852
C39,Y,73.675
C39,K,5.473
C40,C,0.0
C40,M,21.145
C40,Y,73.304
C40,K,5.55
C41,C,0.0
C41,M,21.374
C41,Y,70.8
C41,K,7.826
C42,C,0.0
C42,M,20.588
C42,Y,71.371
C42,K,8.041
C43,C,0.0
C43,M,22.826
C43,Y,69.745
C43,K,7.43
C44,C,0.0
C44,M,24.513
C44,Y,66.853
C44,K,8.634
C45,C,0.0
C45,M,22.554
C45,Y,68.916
C45,K,8.53
C46,C,0.0
C46,M,21.374
C46,Y,70.8
C46,K,7.826
C47,C,0.0
C47,M,22.41
C47,Y,69.867
C47,K,7.723
C48,C,0.0
C48,M,22.836
C48,Y,64.357
C48,K,12.806
D1,C,0.0
D1,M,16.68
D1,Y,52.984
D1,K,30.336
D2,C,0.0
D2,M,19.853
D2,Y,58.566
D2,K,21.581
D3,C,0.0
D3,M,13.24
D3,Y,44.534
D3,K,42.226
D4,C,1.775
D4,M,0.0
D4,Y,8.876
D4,K,89.348
D5,C,0.0
D5,M,17.31
D5,Y,55.924
D5,K,26.766
D6,C,0.0
D6,M,20.425
D6,Y,63.678
D6,K,15.897
D7,C,0.0
D7,M,20.001
D7,Y,61.253
D7,K,18.746
D8,C,0.0
D8,M,20.486
D8,Y,61.457
D8,K,18.058
D9,C,0.0
D9,M,20.06
D9,Y,61.295
D9,K,18.644
D10,C,0.0
D10,M,20.486
D10,Y,61.457
D10,K,18.058
D11,C,0.0
D11,M,21.811
D11,Y,65.434
D11,K,12.754
D12,C,0.0
D12,M,22.118
D12,Y,70.259
D12,K,7.623
D13,C,0.0
D13,M,19.147
D13,Y,61.545
D13,K,19.308
D14,C,0.0
D14,M,14.556
D14,Y,48.034
D14,K,37.411
D15,C,0.0
D15,M,9.891
D15,Y,45.5
D15,K,44.608
D16,C,0.0
D16,M,9.788
D16,Y,51.387
D16,K,38.825
D17,C,0.0
D17,M,7.951
D17,Y,47.708
D17,K,44.341
D18,C,0.0
D18,M,6.593
D18,Y,52.74
D18,K,40.667
D19,C,2.669
D19,M,0.0
D19,Y,26.688
D19,K,70.644
D20,C,4.075
D20,M,0.0
D20,Y,24.449
D20,K,71.477
D21,C,0.0
D21,M,16.735
D21,Y,57.813
D21,K,25.452
D22,C,0.0
D22,M,20.638
D22,Y,67.417
D22,K,11.946
D23,C,0.0
D23,M,21.834
D23,Y,70.641
D23,K,7.525
D24,C,0.0
D24,M,22.813
D24,Y,70.974
D24,K,6.213
D25,C,0.0
D25,M,20.309
D25,Y,71.759
D25,K,7.932
D26,C,0.0
D26,M,20.862
D26,Y,72.321
D26,K,6.818
D27,C,0.0
D27,M,20.576
D27,Y,72.7
D27,K,6.724
D28,C,0.0
D28,M,20.926
D28,Y,71.747
D28,K,7.327
D29,C,0.0
D29,M,19.244
D29,Y,75.051
D29,K,5.705
D30,C,0.0
D30,M,20.03
D30,Y,72.417
D30,K,7.553
D31,C,0.0
D31,M,20.331
D31,Y,71.16
D31,K,8.508
D32,C,0.0
D32,M,18.203
D32,Y,74.631
D32,K,7.167
D33,C,0.0
D33,M,16.292
D33,Y,76.807
D33,K,6.9
D34,C,0.0
D34,M,8.709
D34,Y,78.381
D34,K,12.91
D35,C,0.0
D35,M,8.709
D35,Y,78.381
D35,K,12.91
D36,C,0.0
D36,M,18.214
D36,Y,72.857
D36,K,8.929
D37,C,0.0
D37,M,21.361
D37,Y,72.094
D37,K,6.545
D38,C,0.0
D38,M,20.576
D38,Y,72.7
D38,K,6.724
D39,C,0.0
D39,M,21.361
D39,Y,72.094
D39,K,6.545
D40,C,0.0
D40,M,20.618
D40,Y,72.163
D40,K,7.219
D41,C,0.0
D41,M,18.779
D41,Y,73.55
D41,K,7.671
D42,C,0.0
D42,M,21.169
D42,Y,70.563
D42,K,8.268
D43,C,0.0
D43,M,21.472
D43,Y,70.141
D43,K,8.387
D44,C,0.0
D44,M,22.857
D44,Y,67.302
D44,K,9.84
D45,C,0.0
D45,M,21.993
D45,Y,67.355
D45,K,10.652
D46,C,0.0
D46,M,21.472
D46,Y,70.141
D46,K,8.387
D47,C,0.0
D47,M,21.678
D47,Y,69.098
D47,K,9.224
D48,C,0.0
D48,M,22.641
D48,Y,63.393
D48,K,13.966
E1,C,0.0
E1,M,17.613
E1,Y,52.84
E1,K,29.547
E2,C,0.0
E2,M,19.242
E2,Y,58.739
E2,K,22.018
E3,C,0.0
E3,M,13.574
E3,Y,45.659
E3,K,40.767
E4,C,0.0
E4,M,3.584
E4,Y,23.297
E4,K,73.118
E5,C,0.0
E5,M,15.417
E5,Y,51.858
E5,K,32.725
E6,C,0.0
E6,M,21.649
E6,Y,64.947
E6,K,13.404
E7,C,0.0
E7,M,21.456
E7,Y,61.844
E7,K,16.7
E8,C,0.0
E8,M,20.27
E8,Y,60.811
E8,K,18.919
E9,C,0.0
E9,M,20.239
E9,Y,59.161
E9,K,20.6
E10,C,0.0
E10,M,20.491
E10,Y,63.336
E10,K,16.174
E11,C,0.0
E11,M,18.683
E11,Y,61.653
E11,K,19.664
E12,C,0.0
E12,M,10.183
E12,Y,48.878
E12,K,40.939
E13,C,0.0
E13,M,9.244
E13,Y,46.221
E13,K,44.535
E14,C,0.0
E14,M,10.395
E14,Y,69.303
E14,K,20.302
E15,C,0.0
E15,M,11.554
E15,Y,77.028
E15,K,11.418
E16,C,0.0
E16,M,13.043
E16,Y,86.957
E16,K,0.0
E17,C,0.0
E17,M,9.091
E17,Y,90.909
E17,K,0.0
E18,C,2.486
E18,M,0.0
E18,Y,29.827
E18,K,67.687
E19,C,10.996
E19,M,0.0
E19,Y,10.996
E19,K,78.008
E20,C,11.134
E20,M,0.0
E20,Y,30.619
E20,K,58.247
E21,C,12.919
E21,M,0.0
E21,Y,20.671
E21,K,66.41
E22,C,5.038
E22,M,0.0
E22,Y,30.225
E22,K,64.737
E23,C,0.0
E23,M,17.905
E23,Y,63.481
E23,K,18.614
E24,C,0.0
E24,M,20.339
E24,Y,69.153
E24,K,10.507
E25,C,0.0
E25,M,20.576
E25,Y,72.7
E25,K,6.724
E26,C,0.0
E26,M,20.576
E26,Y,72.7
E26,K,6.724
E27,C,0.0
E27,M,20.618
E27,Y,72.163
E27,K,7.219
E28,C,0.0
E28,M,14.721
E28,Y,76.55
E28,K,8.729
E29,C,0.0
E29,M,12.508
E29,Y,79.218
E29,K,8.273
E30,C,0.0
E30,M,15.168
E30,Y,75.839
E30,K,8.994
E31,C,0.0
E31,M,16.244
E31,Y,73.097
E31,K,10.659
E32,C,0.0
E32,M,11.126
E32,Y,77.88
E32,K,10.995
E33,C,0.0
E33,M,11.126
E33,Y,77.88
E33,K,10.995
E34,C,0.0
E34,M,12.918
E34,Y,77.508
E34,K,9.574
E35,C,0.0
E35,M,15.18
E35,Y,72.866
E35,K,11.954
E36,C,0.0
E36,M,15.816
E36,Y,73.806
E36,K,10.378
E37,C,0.0
E37,M,18.023
E37,Y,74.093
E37,K,7.884
E38,C,0.0
E38,M,17.681
E38,Y,72.689
E38,K,9.63
E39,C,0.0
E39,M,20.681
E39,Y,69.998
E39,K,9.321
E40,C,0.0
E40,M,21.663
E40,Y,70.405
E40,K,7.932
E41,C,0.0
E41,M,20.926
E41,Y,71.747
E41,K,7.327
E42,C,0.0
E42,M,22.266
E42,Y,69.581
E42,K,8.153
E43,C,0.0
E43,M,23.744
E43,Y,67.275
E43,K,8.98
E44,C,0.0
E44,M,23.349
E44,Y,67.3
E44,K,9.35
E45,C,0.0
E45,M,22.462
E45,Y,66.066
E45,K,11.472
E46,C,0.0
E46,M,23.134
E46,Y,68.117
E46,K,8.75
E47,C,0.0
E47,M,22.709
E47,Y,69.464
E47,K,7.826
E48,C,0.0
E48,M,22.641
E48,Y,63.393
E48,K,13.966
F1,C,0.0
F1,M,17.74
F1,Y,53.219
F1,K,29.041
F2,C,0.0
F2,M,14.477
F2,Y,46.535
F2,K,38.988
F3,C,0.0
F3,M,12.092
F3,Y,42.321
F3,K,45.588
F4,C,0.0
F4,M,1.81
F4,Y,18.097
F4,K,80.094
F5,C,0.0
F5,M,15.13
F5,Y,49.517
F5,K,35.353
F6,C,0.0
F6,M,19.934
F6,Y,61.226
F6,K,18.84
F7,C,0.0
F7,M,19.634
F7,Y,57.267
F7,K,23.099
F8,C,0.0
F8,M,18.297
F8,Y,58.219
F8,K,23.483
F9,C,0.0
F9,M,21.65
F9,Y,64.951
F9,K,13.399
F10,C,0.0
F10,M,12.832
F10,Y,45.83
F10,K,41.337
F11,C,0.0
F11,M,8.593
F11,Y,42.965
F11,K,48.441
F12,C,0.0
F12,M,13.631
F12,Y,62.7
F12,K,23.669
F13,C,0.0
F13,M,10.047
F13,Y,70.331
F13,K,19.622
F14,C,0.0
F14,M,0.0
F14,Y,56.233
F14,K,43.767
F15,C,0.0
F15,M,0.0
F15,Y,100.0
F15,K,0.0
F16,C,0.0
F16,M,2.932
F16,Y,38.121
F16,K,58.947
F17,C,9.884
F17,M,0.0
F17,Y,11.861
F17,K,78.254
F18,C,10.329
F18,M,0.0
F18,Y,18.592
F18,K,71.079
F19,C,8.153
F19,M,0.0
F19,Y,16.307
F19,K,75.54
F20,C,4.584
F20,M,0.0
F20,Y,22.919
F20,K,72.497
F21,C,10.404
F21,M,0.0
F21,Y,12.485
F21,K,77.111
F22,C,15.871
F22,M,0.0
F22,Y,11.903
F22,K,72.227
F23,C,6.99
F23,M,0.0
F23,Y,20.97
F23,K,72.039
F24,C,0.0
F24,M,9.226
F24,Y,39.978
F24,K,50.796
F25,C,0.0
F25,M,22.984
F25,Y,73.008
F25,K,4.008
F26,C,0.0
F26,M,21.849
F26,Y,69.402
F26,K,8.75
F27,C,0.0
F27,M,22.133
F27,Y,69.003
F27,K,8.863
F28,C,0.0
F28,M,18.788
F28,Y,70.978
F28,K,10.233
F29,C,0.0
F29,M,16.696
F29,Y,72.348
F29,K,10.956
F30,C,0.0
F30,M,17.174
F30,Y,71.557
F30,K,11.27
F31,C,0.0
F31,M,17.174
F31,Y,71.557
F31,K,11.27
F32,C,0.0
F32,M,16.147
F32,Y,74.278
F32,K,9.574
F33,C,0.0
F33,M,15.18
F33,Y,72.866
F33,K,11.954
F34,C,0.0
F34,M,17.174
F34,Y,71.557
F34,K,11.27
F35,C,0.0
F35,M,17.174
F35,Y,71.557
F35,K,11.27
F36,C,0.0
F36,M,17.68
F36,Y,70.719
F36,K,11.602
F37,C,0.0
F37,M,15.197
F37,Y,69.905
F37,K,14.899
F38,C,0.0
F38,M,13.377
F38,Y,70.23
F38,K,16.393
F39,C,0.0
F39,M,16.743
F39,Y,66.973
F39,K,16.284
F40,C,0.0
F40,M,22.615
F40,Y,66.432
F40,K,10.953
F41,C,0.0
F41,M,22.857
F41,Y,67.302
F41,K,9.84
F42,C,0.0
F42,M,22.611
F42,Y,65.32
F42,K,12.069
F43,C,0.0
F43,M,23.571
F43,Y,64.51
F43,K,11.919
F44,C,0.0
F44,M,24.485
F44,Y,64.885
F44,K,10.629
F45,C,0.0
F45,M,23.549
F45,Y,65.69
F45,K,10.761
F46,C,0.0
F46,M,23.385
F46,Y,64.308
F46,K,12.307
F47,C,0.0
F47,M,23.662
F47,Y,63.886
F47,K,12.452
F48,C,0.0
F48,M,22.712
F48,Y,60.908
F48,K,16.38
G1,C,0.0
G1,M,17.369
G1,Y,52.108
G1,K,30.523
G2,C,0.0
G2,M,11.407
G2,Y,38.369
G2,K,50.224
G3,C,0.0
G3,M,15.714
G3,Y,49.559
G3,K,34.727
G4,C,0.0
G4,M,7.1
G4,Y,24.85
G4,K,68.05
G5,C,0.0
G5,M,11.779
G5,Y,40.572
G5,K,47.649
G6,C,0.0
G6,M,18.643
G6,Y,57.365
G6,K,23.992
G7,C,0.0
G7,M,17.585
G7,Y,54.513
G7,K,27.902
G8,C,0.0
G8,M,20.536
G8,Y,59.895
G8,K,19.569
G9,C,0.0
G9,M,14.772
G9,Y,44.316
G9,K,40.911
G10,C,0.0
G10,M,11.173
G10,Y,40.967
G10,K,47.86
G11,C,0.0
G11,M,16.259
G11,Y,70.457
G11,K,13.284
G12,C,0.0
G12,M,15.461
G12,Y,66.997
G12,K,17.542
G13,C,4.914
G13,M,0.0
G13,Y,31.939
G13,K,63.147
G14,C,17.905
G14,M,0.0
G14,Y,4.883
G14,K,77.212
G15,C,13.381
G15,M,0.0
G15,Y,1.673
G15,K,84.946
G16,C,12.395
G16,M,0.0
G16,Y,16.526
G16,K,71.079
G17,C,19.134
G17,M,2.944
G17,Y,0.0
G17,K,77.922
G18,C,31.587
G18,M,14.513
G18,Y,0.0
G18,K,53.9
G19,C,13.948
G19,M,1.55
G19,Y,0.0
G19,K,84.502
G20,C,14.482
G20,M,0.0
G20,Y,18.619
G20,K,66.899
G21,C,11.834
G21,M,0.0
G21,Y,13.806
G21,K,74.36
G22,C,11.464
G22,M,0.0
G22,Y,15.285
G22,K,73.25
G23,C,16.368
G23,M,0.0
G23,Y,7.275
G23,K,76.357
G24,C,0.0
G24,M,7.467
G24,Y,34.346
G24,K,58.187
G25,C,0.0
G25,M,22.193
G25,Y,62.141
G25,K,15.666
G26,C,0.0
G26,M,23.308
G26,Y,68.758
G26,K,7.934
G27,C,0.0
G27,M,23.674
G27,Y,66.845
G27,K,9.481
G28,C,0.0
G28,M,20.895
G28,Y,66.863
G28,K,12.242
G29,C,0.0
G29,M,19.112
G29,Y,66.892
G29,K,13.997
G30,C,0.0
G30,M,17.132
G30,Y,68.529
G30,K,14.339
G31,C,0.0
G31,M,17.562
G31,Y,67.739
G31,K,14.699
G32,C,0.0
G32,M,18.469
G32,Y,68.598
G32,K,12.933
G33,C,0.0
G33,M,21.479
G33,Y,66.823
G33,K,11.699
G34,C,0.0
G34,M,20.52
G34,Y,66.121
G34,K,13.358
G35,C,0.0
G35,M,20.049
G35,Y,67.666
G35,K,12.285
G36,C,0.0
G36,M,17.562
G36,Y,67.739
G36,K,14.699
G37,C,0.0
G37,M,21.053
G37,Y,66.398
G37,K,12.549
G38,C,0.0
G38,M,18.918
G38,Y,69.998
G38,K,11.084
G39,C,0.0
G39,M,21.293
G39,Y,66.921
G39,K,11.786
G40,C,0.0
G40,M,23.306
G40,Y,63.784
G40,K,12.911
G41,C,0.0
G41,M,23.385
G41,Y,64.308
G41,K,12.307
G42,C,0.0
G42,M,23.165
G42,Y,62.545
G42,K,14.29
G43,C,0.0
G43,M,23.274
G43,Y,62.063
G43,K,14.664
G44,C,0.0
G44,M,23.662
G44,Y,63.886
G44,K,12.452
G45,C,0.0
G45,M,23.638
G45,Y,65.006
G45,K,11.356
G46,C,0.0
G46,M,23.115
G46,Y,64.721
G46,K,12.165
G47,C,0.0
G47,M,22.552
G47,Y,62.287
G47,K,15.161
G48,C,0.0
G48,M,22.058
G48,Y,59.461
G48,K,18.481
H1,C,0.0
H1,M,16.128
H1,Y,49.332
H1,K,34.54
H2,C,0.0
H2,M,9.684
H2,Y,33.354
H2,K,56.962
H3,C,0.0
H3,M,12.853
H3,Y,40.895
H3,K,46.252
H4,C,0.0
H4,M,0.0
H4,Y,9.192
H4,K,90.808
H5,C,0.0
H5,M,10.212
H5,Y,40.849
H5,K,48.939
H6,C,0.0
H6,M,18.408
H6,Y,56.308
H6,K,25.283
H7,C,0.0
H7,M,17.618
H7,Y,54.028
H7,K,28.354
H8,C,0.0
H8,M,12.442
H8,Y,42.855
H8,K,44.703
H9,C,0.0
H9,M,11.741
H9,Y,48.922
H9,K,39.337
H10,C,0.0
H10,M,17.543
H10,Y,70.172
H10,K,12.285
H11,C,0.0
H11,M,17.145
H11,Y,80.009
H11,K,2.846
H12,C,7.364
H12,M,0.0
H12,Y,39.272
H12,K,53.364
H13,C,15.368
H13,M,0.0
H13,Y,11.953
H13,K,72.68
H14,C,11.778
H14,M,0.0
H14,Y,8.413
H14,K,79.81
H15,C,37.519
H15,M,18.76
H15,Y,0.0
H15,K,43.721
H16,C,37.1
H16,M,16.731
H16,Y,0.0
H16,K,46.169
H17,C,30.975
H17,M,12.755
H17,Y,0.0
H17,K,56.27
H18,C,42.177
H18,M,21.98
H18,Y,0.0
H18,K,35.843
H19,C,35.844
H19,M,17.556
H19,Y,0.0
H19,K,46.599
H20,C,8.619
H20,M,0.0
H20,Y,17.238
H20,K,74.142
H21,C,11.434
H21,M,0.0
H21,Y,22.868
H21,K,65.698
H22,C,13.71
H22,M,0.0
H22,Y,13.71
H22,K,72.581
H23,C,15.915
H23,M,0.0
H23,Y,20.462
H23,K,63.623
H24,C,0.0
H24,M,11.779
H24,Y,42.699
H24,K,45.522
H25,C,0.0
H25,M,18.881
H25,Y,55.463
H25,K,25.656
H26,C,0.0
H26,M,17.883
H26,Y,52.159
H26,K,29.957
H27,C,0.0
H27,M,19.382
H27,Y,55.992
H27,K,24.626
H28,C,0.0
H28,M,22.111
H28,Y,62.313
H28,K,15.576
H29,C,0.0
H29,M,21.675
H29,Y,63.055
H29,K,15.269
H30,C,0.0
H30,M,20.917
H30,Y,64.843
H30,K,14.24
H31,C,0.0
H31,M,19.647
H31,Y,65.491
H31,K,14.862
H32,C,0.0
H32,M,19.112
H32,Y,66.892
H32,K,13.997
H33,C,0.0
H33,M,20.063
H33,Y,66.876
H33,K,13.061
H34,C,0.0
H34,M,21.364
H34,Y,64.092
H34,K,14.544
H35,C,0.0
H35,M,20.077
H35,Y,66.255
H35,K,13.668
H36,C,0.0
H36,M,20.405
H36,Y,68.018
H36,K,11.576
H37,C,0.0
H37,M,22.443
H37,Y,67.328
H37,K,10.23
H38,C,0.0
H38,M,22.15
H38,Y,67.753
H38,K,10.097
H39,C,0.0
H39,M,22.705
H39,Y,66.92
H39,K,10.375
H40,C,0.0
H40,M,22.769
H40,Y,62.885
H40,K,14.346
H41,C,0.0
H41,M,22.9
H41,Y,62.974
H41,K,14.126
H42,C,0.0
H42,M,23.274
H42,Y,62.063
H42,K,14.664
H43,C,0.0
H43,M,22.797
H43,Y,61.877
H43,K,15.326
H44,C,0.0
H44,M,22.874
H44,Y,64.047
H44,K,13.079
H45,C,0.0
H45,M,23.618
H45,Y,66.129
H45,K,10.253
H46,C,0.0
H46,M,23.457
H46,Y,64.786
H46,K,11.757
H47,C,0.0
H47,M,23.102
H47,Y,63.004
H47,K,13.894
H48,C,0.0
H48,M,22.024
H48,Y,60.327
H48,K,17.649
I1,C,0.0
I1,M,15.376
I1,Y,49.011
I1,K,35.613
I2,C,0.0
I2,M,10.55
I2,Y,35.871
I2,K,53.579
I3,C,0.0
I3,M,11.402
I3,Y,38.768
I3,K,49.83
I4,C,1.731
I4,M,0.0
I4,Y,10.383
I4,K,87.886
I5,C,0.0
I5,M,11.344
I5,Y,40.334
I5,K,48.322
I6,C,0.0
I6,M,17.781
I6,Y,55.319
I6,K,26.9
I7,C,0.0
I7,M,10.672
I7,Y,37.351
I7,K,51.977
I8,C,0.0
I8,M,14.821
I8,Y,57.165
I8,K,28.014
I9,C,0.0
I9,M,18.24
I9,Y,68.401
I9,K,13.358
I10,C,0.0
I10,M,17.099
I10,Y,73.283
I10,K,9.618
I11,C,0.0
I11,M,4.326
I11,Y,36.772
I11,K,58.902
I12,C,22.869
I12,M,6.018
I12,Y,0.0
I12,K,71.113
I13,C,31.339
I13,M,12.536
I13,Y,0.0
I13,K,56.126
I14,C,37.21
I14,M,17.174
I14,Y,0.0
I14,K,45.617
I15,C,42.263
I15,M,19.32
I15,Y,0.0
I15,K,38.417
I16,C,44.607
I16,M,21.478
I16,Y,0.0
I16,K,33.915
I17,C,42.538
I17,M,20.678
I17,Y,0.0
I17,K,36.783
I18,C,43.579
I18,M,20.069
I18,Y,0.0
I18,K,36.352
I19,C,41.307
I19,M,20.962
I19,Y,0.0
I19,K,37.731
I20,C,29.679
I20,M,11.872
I20,Y,0.0
I20,K,58.45
I21,C,27.067
I21,M,1.592
I21,Y,0.0
I21,K,71.341
I22,C,15.583
I22,M,0.0
I22,Y,9.74
I22,K,74.677
I23,C,15.476
I23,M,0.0
I23,Y,24.319
I23,K,60.205
I24,C,5.199
I24,M,0.0
I24,Y,25.994
I24,K,68.807
I25,C,10.001
I25,M,0.0
I25,Y,40.005
I25,K,49.993
I26,C,18.749
I26,M,0.0
I26,Y,9.374
I26,K,71.877
I27,C,1.909
I27,M,0.0
I27,Y,19.085
I27,K,79.006
I28,C,0.0
I28,M,19.916
I28,Y,56.128
I28,K,23.956
I29,C,0.0
I29,M,20.895
I29,Y,66.863
I29,K,12.242
I30,C,0.0
I30,M,19.673
I30,Y,63.389
I30,K,16.938
I31,C,0.0
I31,M,21.341
I31,Y,66.156
I31,K,12.503
I32,C,0.0
I32,M,18.688
I32,Y,65.409
I32,K,15.903
I33,C,0.0
I33,M,21.341
I33,Y,66.156
I33,K,12.503
I34,C,0.0
I34,M,19.647
I34,Y,65.491
I34,K,14.862
I35,C,0.0
I35,M,21.076
I35,Y,64.848
I35,K,14.076
I36,C,0.0
I36,M,20.647
I36,Y,69.314
I36,K,10.04
I37,C,0.0
I37,M,22.169
I37,Y,66.508
I37,K,11.322
I38,C,0.0
I38,M,22.705
I38,Y,66.92
I38,K,10.375
I39,C,0.0
I39,M,22.33
I39,Y,65.75
I39,K,11.919
I40,C,0.0
I40,M,21.81
I40,Y,61.985
I40,K,16.205
I41,C,0.0
I41,M,23.047
I41,Y,61.459
I41,K,15.494
I42,C,0.0
I42,M,22.193
I42,Y,62.141
I42,K,15.666
I43,C,0.0
I43,M,21.979
I43,Y,61.541
I43,K,16.48
I44,C,0.0
I44,M,22.165
I44,Y,63.171
I44,K,14.664
I45,C,0.0
I45,M,23.115
I45,Y,64.721
I45,K,12.165
I46,C,0.0
I46,M,22.312
I46,Y,62.687
I46,K,15.0
I47,C,0.0
I47,M,22.552
I47,Y,62.287
I47,K,15.161
I48,C,0.0
I48,M,22.421
I48,Y,60.438
I48,K,17.141
J1,C,0.0
J1,M,16.229
J1,Y,49.642
J1,K,34.128
J2,C,0.0
J2,M,9.905
J2,Y,35.216
J2,K,54.879
J3,C,0.0
J3,M,14.477
J3,Y,46.535
J3,K,38.988
J4,C,0.0
J4,M,14.023
J4,Y,45.306
J4,K,40.67
J5,C,0.0
J5,M,15.829
J5,Y,49.465
J5,K,34.707
J6,C,0.0
J6,M,12.595
J6,Y,43.509
J6,K,43.896
J7,C,0.0
J7,M,14.325
J7,Y,53.206
J7,K,32.469
J8,C,0.0
J8,M,18.462
J8,Y,65.642
J8,K,15.896
J9,C,0.0
J9,M,15.075
J9,Y,60.299
J9,K,24.626
J10,C,0.0
J10,M,20.002
J10,Y,77.508
J10,K,2.49
J11,C,0.0
J11,M,5.925
J11,Y,31.601
J11,K,62.474
J12,C,41.464
J12,M,21.342
J12,Y,0.0
J12,K,37.194
J13,C,42.021
J13,M,21.01
J13,Y,0.0
J13,K,36.969
J14,C,43.783
J14,M,20.739
J14,Y,0.0
J14,K,35.478
J15,C,43.098
J15,M,19.802
J15,Y,0.0
J15,K,37.1
J16,C,41.145
J16,M,19.949
J16,Y,0.0
J16,K,38.906
J17,C,45.146
J17,M,19.82
J17,Y,0.0
J17,K,35.033
J18,C,42.185
J18,M,20.49
J18,Y,0.0
J18,K,37.326
J19,C,41.659
J19,M,19.604
J19,Y,0.0
J19,K,38.737
J20,C,40.486
J20,M,21.207
J20,Y,0.0
J20,K,38.306
J21,C,35.508
J21,M,16.21
J21,Y,0.0
J21,K,48.282
J22,C,16.526
J22,M,0.0
J22,Y,8.263
J22,K,75.211
J23,C,18.839
J23,M,0.0
J23,Y,15.071
J23,K,66.09
J24,C,14.761
J24,M,0.0
J24,Y,11.071
J24,K,74.168
J25,C,16.419
J25,M,0.0
J25,Y,14.366
J25,K,69.215
J26,C,13.067
J26,M,0.0
J26,Y,19.6
J26,K,67.333
J27,C,0.0
J27,M,5.057
J27,Y,37.928
J27,K,57.015
J28,C,0.0
J28,M,2.113
J28,Y,29.575
J28,K,68.312
J29,C,0.0
J29,M,21.315
J29,Y,60.068
J29,K,18.617
J30,C,0.0
J30,M,19.647
J30,Y,65.491
J30,K,14.862
J31,C,0.0
J31,M,18.262
J31,Y,66.198
J31,K,15.54
J32,C,0.0
J32,M,20.999
J32,Y,65.331
J32,K,13.67
J33,C,0.0
J33,M,19.673
J33,Y,63.389
J33,K,16.938
J34,C,0.0
J34,M,19.673
J34,Y,63.389
J34,K,16.938
J35,C,0.0
J35,M,19.647
J35,Y,65.491
J35,K,14.862
J36,C,0.0
J36,M,20.063
J36,Y,66.876
J36,K,13.061
J37,C,0.0
J37,M,21.315
J37,Y,65.467
J37,K,13.219
J38,C,0.0
J38,M,21.626
J38,Y,66.151
J38,K,12.222
J39,C,0.0
J39,M,21.905
J39,Y,65.715
J39,K,12.38
J40,C,0.0
J40,M,22.265
J40,Y,63.278
J40,K,14.457
J41,C,0.0
J41,M,22.9
J41,Y,62.974
J41,K,14.126
J42,C,0.0
J42,M,23.018
J42,Y,62.479
J42,K,14.503
J43,C,0.0
J43,M,22.827
J43,Y,60.872
J43,K,16.301
J44,C,0.0
J44,M,22.442
J44,Y,61.716
J44,K,15.842
J45,C,0.0
J45,M,23.018
J45,Y,62.479
J45,K,14.503
J46,C,0.0
J46,M,22.168
J46,Y,60.171
J46,K,17.66
J47,C,0.0
J47,M,22.372
J47,Y,60.724
J47,K,16.903
J48,C,0.0
J48,M,22.609
J48,Y,60.946
J48,K,16.445
K1,C,0.0
K1,M,17.49
K1,Y,52.469
K1,K,30.041
K2,C,0.0
K2,M,18.229
K2,Y,55.645
K2,K,26.126
K3,C,0.0
K3,M,18.921
K3,Y,56.763
K3,K,24.316
K4,C,0.0
K4,M,15.281
K4,Y,48.71
K4,K,36.009
K5,C,0.0
K5,M,11.068
K5,Y,38.739
K5,K,50.193
K6,C,0.0
K6,M,9.409
K6,Y,45.163
K6,K,45.428
K7,C,0.0
K7,M,15.816
K7,Y,73.806
K7,K,10.378
K8,C,0.0
K8,M,18.849
K8,Y,64.923
K8,K,16.229
K9,C,0.0
K9,M,20.044
K9,Y,69.039
K9,K,10.917
K10,C,0.0
K10,M,14.748
K10,Y,63.91
K10,K,21.342
K11,C,0.0
K11,M,12.91
K11,Y,80.686
K11,K,6.404
K12,C,27.886
K12,M,9.653
K12,Y,0.0
K12,K,62.461
K13,C,35.875
K13,M,17.572
K13,Y,0.0
K13,K,46.553
K14,C,39.539
K14,M,18.452
K14,Y,0.0
K14,K,42.01
K15,C,39.695
K15,M,18.872
K15,Y,0.0
K15,K,41.433
K16,C,43.06
K16,M,19.466
K16,Y,0.0
K16,K,37.474
K17,C,41.809
K17,M,19.996
K17,Y,0.0
K17,K,38.195
K18,C,43.435
K18,M,19.691
K18,Y,0.0
K18,K,36.874
K19,C,38.043
K19,M,20.38
K19,Y,0.0
K19,K,41.576
K20,C,43.966
K20,M,21.148
K20,Y,0.0
K20,K,34.885
K21,C,36.062
K21,M,15.226
K21,Y,0.0
K21,K,48.712
K22,C,0.0
K22,M,0.0
K22,Y,31.829
K22,K,68.171
K23,C,11.495
K23,M,0.0
K23,Y,11.495
K23,K,77.01
K24,C,15.473
K24,M,0.0
K24,Y,11.605
K24,K,72.922
K25,C,10.957
K25,M,0.0
K25,Y,19.723
K25,K,69.319
K26,C,9.48
K26,M,0.0
K26,Y,18.959
K26,K,71.561
K27,C,15.839
K27,M,0.0
K27,Y,15.839
K27,K,68.323
K28,C,0.0
K28,M,2.095
K28,Y,27.239
K28,K,70.666
K29,C,0.0
K29,M,14.835
K29,Y,46.36
K29,K,38.804
K30,C,0.0
K30,M,20.489
K30,Y,65.563
K30,K,13.948
K31,C,0.0
K31,M,20.943
K31,Y,62.829
K31,K,16.229
K32,C,0.0
K32,M,17.562
K32,Y,67.739
K32,K,14.699
K33,C,0.0
K33,M,17.584
K33,Y,65.314
K33,K,17.102
K34,C,0.0
K34,M,18.688
K34,Y,65.409
K34,K,15.903
K35,C,0.0
K35,M,20.513
K35,Y,63.591
K35,K,15.896
K36,C,0.0
K36,M,19.112
K36,Y,66.892
K36,K,13.997
K37,C,0.0
K37,M,20.101
K37,Y,64.323
K37,K,15.576
K38,C,0.0
K38,M,19.731
K38,Y,66.369
K38,K,13.9
K39,C,0.0
K39,M,19.731
K39,Y,66.369
K39,K,13.9
K40,C,0.0
K40,M,22.215
K40,Y,64.031
K40,K,13.754
K41,C,0.0
K41,M,22.321
K41,Y,65.567
K41,K,12.112
K42,C,0.0
K42,M,21.697
K42,Y,61.991
K42,K,16.312
K43,C,0.0
K43,M,20.504
K43,Y,61.512
K43,K,17.984
K44,C,0.0
K44,M,21.129
K44,Y,61.763
K44,K,17.108
K45,C,0.0
K45,M,21.603
K45,Y,61.928
K45,K,16.469
K46,C,0.0
K46,M,21.104
K46,Y,60.298
K46,K,18.598
K47,C,0.0
K47,M,21.296
K47,Y,62.469
K47,K,16.235
K48,C,0.0
K48,M,22.354
K48,Y,60.003
K48,K,17.643
L1,C,15.397
L1,M,0.0
L1,Y,10.265
L1,K,74.338
L2,C,10.343
L2,M,0.0
L2,Y,12.928
L2,K,76.729
L3,C,9.14
L3,M,0.0
L3,Y,10.446
L3,K,80.414
L4,C,1.5
L4,M,0.0
L4,Y,13.5
L4,K,85.0
L5,C,0.0
L5,M,14.099
L5,Y,47.584
L5,K,38.316
L6,C,0.0
L6,M,18.825
L6,Y,66.935
L6,K,14.24
L7,C,0.0
L7,M,18.24
L7,Y,68.401
L7,K,13.358
L8,C,2.443
L8,M,0.0
L8,Y,46.426
L8,K,51.131
L9,C,8.253
L9,M,0.0
L9,Y,30.949
L9,K,60.798
L10,C,0.0
L10,M,17.515
L10,Y,75.066
L10,K,7.418
L11,C,0.0
L11,M,11.475
L11,Y,71.718
L11,K,16.807
L12,C,0.0
L12,M,11.189
L12,Y,67.135
L12,K,21.676
L13,C,0.0
L13,M,8.907
L13,Y,65.316
L13,K,25.777
L14,C,14.902
L14,M,0.0
L14,Y,3.311
L14,K,81.787
L15,C,36.161
L15,M,19.144
L15,Y,0.0
L15,K,44.695
L16,C,42.486
L16,M,20.063
L16,Y,0.0
L16,K,37.451
L17,C,39.539
L17,M,18.452
L17,Y,0.0
L17,K,42.01
L18,C,38.599
L18,M,18.284
L18,Y,0.0
L18,K,43.117
L19,C,39.63
L19,M,19.49
L19,Y,0.0
L19,K,40.88
L20,C,46.519
L20,M,18.124
L20,Y,0.0
L20,K,35.357
L21,C,5.931
L21,M,0.0
L21,Y,15.815
L21,K,78.254
L22,C,0.0
L22,M,15.587
L22,Y,46.76
L22,K,37.653
L23,C,5.816
L23,M,0.0
L23,Y,17.447
L23,K,76.737
L24,C,5.917
L24,M,0.0
L24,Y,19.723
L24,K,74.36
L25,C,0.0
L25,M,0.0
L25,Y,26.702
L25,K,73.298
L26,C,13.038
L26,M,0.0
L26,Y,26.076
L26,K,60.886
L27,C,10.829
L27,M,0.0
L27,Y,5.414
L27,K,83.757
L28,C,0.0
L28,M,14.787
L28,Y,48.057
L28,K,37.156
L29,C,0.0
L29,M,20.174
L29,Y,60.522
L29,K,19.304
L30,C,0.0
L30,M,21.612
L30,Y,59.432
L30,K,18.956
L31,C,0.0
L31,M,21.284
L31,Y,61.917
L31,K,16.799
L32,C,0.0
L32,M,17.154
L32,Y,66.164
L32,K,16.683
L33,C,0.0
L33,M,17.562
L33,Y,67.739
L33,K,14.699
L34,C,0.0
L34,M,19.673
L34,Y,63.389
L34,K,16.938
L35,C,0.0
L35,M,20.128
L35,Y,62.396
L35,K,17.476
L36,C,0.0
L36,M,19.252
L36,Y,64.172
L36,K,16.576
L37,C,0.0
L37,M,19.252
L37,Y,64.172
L37,K,16.576
L38,C,0.0
L38,M,21.364
L38,Y,64.092
L38,K,14.544
L39,C,0.0
L39,M,20.086
L39,Y,64.721
L39,K,15.193
L40,C,0.0
L40,M,20.491
L40,Y,63.336
L40,K,16.174
L41,C,0.0
L41,M,21.65
L41,Y,64.951
L41,K,13.399
L42,C,0.0
L42,M,18.875
L42,Y,62.916
L42,K,18.209
L43,C,0.0
L43,M,21.284
L43,Y,61.917
L43,K,16.799
L44,C,0.0
L44,M,19.377
L44,Y,62.006
L44,K,18.617
L45,C,0.0
L45,M,20.909
L45,Y,60.827
L45,K,18.263
L46,C,0.0
L46,M,19.76
L46,Y,61.255
L46,K,18.985
L47,C,0.0
L47,M,19.377
L47,Y,62.006
L47,K,18.617
L48,C,0.0
L48,M,21.479
L48,Y,61.131
L48,K,17.39
M1,C,34.213
M1,M,15.913
M1,Y,0.0
M1,K,49.874
M2,C,27.101
M2,M,11.615
M2,Y,0.0
M2,K,61.284
M3,C,0.0
M3,M,1.669
M3,Y,16.69
M3,K,81.641
M4,C,0.0
M4,M,17.164
M4,Y,61.028
M4,K,21.808
M5,C,0.0
M5,M,19.662
M5,Y,68.818
M5,K,11.52
M6,C,0.0
M6,M,2.033
M6,Y,36.588
M6,K,61.379
M7,C,17.862
M7,M,0.0
M7,Y,17.862
M7,K,64.277
M8,C,25.956
M8,M,0.0
M8,Y,8.652
M8,K,65.392
M9,C,3.84
M9,M,0.0
M9,Y,28.801
M9,K,67.359
M10,C,0.0
M10,M,12.29
M10,Y,66.368
M10,K,21.342
M11,C,0.0
M11,M,0.0
M11,Y,41.506
M11,K,58.494
M12,C,17.481
M12,M,0.0
M12,Y,7.946
M12,K,74.573
M13,C,4.289
M13,M,0.0
M13,Y,27.878
M13,K,67.833
M14,C,13.161
M14,M,0.0
M14,Y,3.29
M14,K,83.548
M15,C,29.142
M15,M,13.66
M15,Y,0.0
M15,K,57.198
M16,C,26.279
M16,M,11.118
M16,Y,0.0
M16,K,62.603
M17,C,40.085
M17,M,18.75
M17,Y,0.0
M17,K,41.165
M18,C,40.188
M18,M,20.413
M18,Y,0.0
M18,K,39.4
M19,C,45.694
M19,M,21.289
M19,Y,0.0
M19,K,33.016
M20,C,22.425
M20,M,0.0
M20,Y,0.0
M20,K,77.575
M21,C,0.0
M21,M,13.158
M21,Y,86.842
M21,K,0.0
M22,C,0.0
M22,M,17.137
M22,Y,64.264
M22,K,18.599
M23,C,0.0
M23,M,10.67
M23,Y,40.902
M23,K,48.427
M24,C,0.0
M24,M,7.663
M24,Y,34.485
M24,K,57.851
M25,C,0.0
M25,M,14.402
M25,Y,45.005
M25,K,40.593
M26,C,4.584
M26,M,0.0
M26,Y,22.919
M26,K,72.497
M27,C,8.748
M27,M,0.0
M27,Y,17.496
M27,K,73.756
M28,C,0.0
M28,M,0.0
M28,Y,19.457
M28,K,80.543
M29,C,0.0
M29,M,18.183
M29,Y,54.549
M29,K,27.268
M30,C,0.0
M30,M,19.731
M30,Y,63.138
M30,K,17.131
M31,C,0.0
M31,M,18.875
M31,Y,62.916
M31,K,18.209
M32,C,0.0
M32,M,17.877
M32,Y,64.806
M32,K,17.317
M33,C,0.0
M33,M,18.688
M33,Y,65.409
M33,K,15.903
M34,C,0.0
M34,M,20.086
M34,Y,64.721
M34,K,15.193
M35,C,0.0
M35,M,18.286
M35,Y,64.001
M35,K,17.712
M36,C,0.0
M36,M,18.286
M36,Y,64.001
M36,K,17.712
M37,C,0.0
M37,M,19.647
M37,Y,65.491
M37,K,14.862
M38,C,0.0
M38,M,18.262
M38,Y,66.198
M38,K,15.54
M39,C,0.0
M39,M,20.086
M39,Y,64.721
M39,K,15.193
M40,C,0.0
M40,M,18.688
M40,Y,65.409
M40,K,15.903
M41,C,0.0
M41,M,17.154
M41,Y,66.164
M41,K,16.683
M42,C,0.0
M42,M,19.252
M42,Y,64.172
M42,K,16.576
M43,C,0.0
M43,M,20.128
M43,Y,62.396
M43,K,17.476
M44,C,0.0
M44,M,20.513
M44,Y,63.591
M44,K,15.896
M45,C,0.0
M45,M,20.174
M45,Y,60.522
M45,K,19.304
M46,C,0.0
M46,M,20.174
M46,Y,60.522
M46,K,19.304
M47,C,0.0
M47,M,20.491
M47,Y,63.336
M47,K,16.174
M48,C,0.0
M48,M,18.113
M48,Y,54.339
M48,K,27.547
N1,C,0.0
N1,M,8.384
N1,Y,32.139
N1,K,59.477
N2,C,0.0
N2,M,1.88
N2,Y,41.356
N2,K,56.764
N3,C,0.0
N3,M,5.623
N3,Y,50.61
N3,K,43.767
N4,C,0.0
N4,M,0.0
N4,Y,31.322
N4,K,68.678
N5,C,0.0
N5,M,8.379
N5,Y,46.082
N5,K,45.54
N6,C,17.364
N6,M,0.0
N6,Y,11.05
N6,K,71.586
N7,C,4.335
N7,M,0.0
N7,Y,43.345
N7,K,52.32
N8,C,7.147
N8,M,0.0
N8,Y,23.229
N8,K,69.624
N9,C,15.17
N9,M,0.0
N9,Y,10.619
N9,K,74.21
N10,C,12.288
N10,M,0.0
N10,Y,19.31
N10,K,68.401
N11,C,14.438
N11,M,0.0
N11,Y,23.462
N11,K,62.099
N12,C,14.891
N12,M,0.0
N12,Y,22.336
N12,K,62.774
N13,C,11.92
N13,M,0.0
N13,Y,23.839
N13,K,64.241
N14,C,4.709
N14,M,0.0
N14,Y,32.964
N14,K,62.327
N15,C,9.492
N15,M,0.0
N15,Y,33.222
N15,K,57.286
N16,C,11.177
N16,M,0.0
N16,Y,0.0
N16,K,88.823
N17,C,29.916
N17,M,10.316
N17,Y,0.0
N17,K,59.768
N18,C,35.214
N18,M,16.076
N18,Y,0.0
N18,K,48.711
N19,C,46.455
N19,M,20.357
N19,Y,0.0
N19,K,33.189
N20,C,5.96
N20,M,0.0
N20,Y,17.879
N20,K,76.161
N21,C,0.0
N21,M,22.924
N21,Y,72.941
N21,K,4.135
N22,C,0.0
N22,M,18.142
N22,Y,62.49
N22,K,19.368
N23,C,0.0
N23,M,22.28
N23,Y,66.841
N23,K,10.878
N24,C,0.0
N24,M,19.705
N24,Y,65.026
N24,K,15.269
N25,C,0.0
N25,M,20.513
N25,Y,63.591
N25,K,15.896
N26,C,0.0
N26,M,9.618
N26,Y,36.549
N26,K,53.832
N27,C,0.0
N27,M,0.0
N27,Y,22.889
N27,K,77.111
N28,C,0.0
N28,M,15.715
N28,Y,50.637
N28,K,33.648
N29,C,0.0
N29,M,20.519
N29,Y,61.558
N29,K,17.922
N30,C,0.0
N30,M,20.88
N30,Y,62.64
N30,K,16.481
N31,C,0.0
N31,M,21.256
N31,Y,63.769
N31,K,14.974
N32,C,0.0
N32,M,18.262
N32,Y,66.198
N32,K,15.54
N33,C,0.0
N33,M,18.262
N33,Y,66.198
N33,K,15.54
N34,C,0.0
N34,M,20.101
N34,Y,64.323
N34,K,15.576
N35,C,0.0
N35,M,19.76
N35,Y,61.255
N35,K,18.985
N36,C,0.0
N36,M,19.252
N36,Y,64.172
N36,K,16.576
N37,C,0.0
N37,M,20.101
N37,Y,64.323
N37,K,15.576
N38,C,0.0
N38,M,20.489
N38,Y,65.563
N38,K,13.948
N39,C,0.0
N39,M,20.489
N39,Y,65.563
N39,K,13.948
N40,C,0.0
N40,M,17.487
N40,Y,65.575
N40,K,16.938
N41,C,0.0
N41,M,19.647
N41,Y,65.491
N41,K,14.862
N42,C,0.0
N42,M,19.252
N42,Y,64.172
N42,K,16.576
N43,C,0.0
N43,M,20.174
N43,Y,60.522
N43,K,19.304
N44,C,0.0
N44,M,18.142
N44,Y,62.49
N44,K,19.368
N45,C,0.0
N45,M,19.731
N45,Y,63.138
N45,K,17.131
N46,C,0.0
N46,M,21.198
N46,Y,61.829
N46,K,16.973
N47,C,0.0
N47,M,14.889
N47,Y,53.974
N47,K,31.136
N48,C,0.0
N48,M,11.511
N48,Y,62.161
N48,K,26.327
O1,C,0.0
O1,M,20.43
O1,Y,64.21
O1,K,15.36
O2,C,8.119
O2,M,0.0
O2,Y,27.604
O2,K,64.277
O3,C,22.215
O3,M,0.0
O3,Y,9.147
O3,K,68.638
O4,C,16.743
O4,M,0.0
O4,Y,11.162
O4,K,72.095
O5,C,22.554
O5,M,0.0
O5,Y,2.819
O5,K,74.627
O6,C,39.822
O6,M,17.92
O6,Y,0.0
O6,K,42.258
O7,C,18.175
O7,M,0.0
O7,Y,0.0
O7,K,81.825
O8,C,11.345
O8,M,0.0
O8,Y,17.828
O8,K,70.828
O9,C,25.394
O9,M,0.0
O9,Y,9.876
O9,K,64.73
O10,C,11.036
O10,M,0.0
O10,Y,12.612
O10,K,76.352
O11,C,14.303
O11,M,0.0
O11,Y,11.124
O11,K,74.573
O12,C,26.118
O12,M,11.05
O12,Y,0.0
O12,K,62.832
O13,C,25.11
O13,M,5.979
O13,Y,0.0
O13,K,68.911
O14,C,26.989
O14,M,10.38
O14,Y,0.0
O14,K,62.631
O15,C,10.912
O15,M,0.0
O15,Y,12.731
O15,K,76.357
O16,C,13.841
O16,M,0.0
O16,Y,32.296
O16,K,53.863
O17,C,26.481
O17,M,3.972
O17,Y,0.0
O17,K,69.547
O18,C,35.407
O18,M,16.574
O18,Y,0.0
O18,K,48.019
O19,C,44.508
O19,M,20.029
O19,Y,0.0
O19,K,35.463
O20,C,0.0
O20,M,7.695
O20,Y,38.473
O20,K,53.832
O21,C,0.0
O21,M,24.09
O21,Y,70.416
O21,K,5.494
O22,C,0.0
O22,M,19.705
O22,Y,65.026
O22,K,15.269
O23,C,0.0
O23,M,20.83
O23,Y,62.491
O23,K,16.678
O24,C,0.0
O24,M,19.811
O24,Y,61.233
O24,K,18.956
O25,C,0.0
O25,M,20.519
O25,Y,61.558
O25,K,17.922
O26,C,0.0
O26,M,19.525
O26,Y,58.576
O26,K,21.899
O27,C,0.0
O27,M,17.585
O27,Y,54.513
O27,K,27.902
O28,C,0.0
O28,M,18.645
O28,Y,55.936
O28,K,25.419
O29,C,0.0
O29,M,20.893
O29,Y,59.197
O29,K,19.91
O30,C,0.0
O30,M,20.174
O30,Y,60.522
O30,K,19.304
O31,C,0.0
O31,M,19.349
O31,Y,63.852
O31,K,16.799
O32,C,0.0
O32,M,19.228
O32,Y,66.228
O32,K,14.544
O33,C,0.0
O33,M,18.849
O33,Y,64.923
O33,K,16.229
O34,C,0.0
O34,M,20.491
O34,Y,63.336
O34,K,16.174
O35,C,0.0
O35,M,20.519
O35,Y,61.558
O35,K,17.922
O36,C,0.0
O36,M,19.731
O36,Y,63.138
O36,K,17.131
O37,C,0.0
O37,M,19.731
O37,Y,63.138
O37,K,17.131
O38,C,0.0
O38,M,20.489
O38,Y,65.563
O38,K,13.948
O39,C,0.0
O39,M,20.489
O39,Y,65.563
O39,K,13.948
O40,C,0.0
O40,M,19.228
O40,Y,66.228
O40,K,14.544
O41,C,0.0
O41,M,20.513
O41,Y,63.591
O41,K,15.896
O42,C,0.0
O42,M,20.489
O42,Y,65.563
O42,K,13.948
O43,C,0.0
O43,M,19.731
O43,Y,63.138
O43,K,17.131
O44,C,0.0
O44,M,19.377
O44,Y,62.006
O44,K,18.617
O45,C,0.0
O45,M,19.349
O45,Y,63.852
O45,K,16.799
O46,C,0.0
O46,M,14.741
O46,Y,49.751
O46,K,35.508
O47,C,0.0
O47,M,11.814
O47,Y,70.883
O47,K,17.304
O48,C,0.0
O48,M,0.0
O48,Y,51.829
O48,K,48.171
P1,C,0.0
P1,M,7.38
P1,Y,39.853
P1,K,52.767
P2,C,5.66
P2,M,0.0
P2,Y,21.225
P2,K,73.115
P3,C,11.464
P3,M,0.0
P3,Y,15.763
P3,K,72.773
P4,C,14.968
P4,M,0.0
P4,Y,17.962
P4,K,67.07
P5,C,12.787
P5,M,0.0
P5,Y,19.18
P5,K,68.033
P6,C,34.379
P6,M,13.416
P6,Y,0.0
P6,K,52.205
P7,C,40.188
P7,M,20.413
P7,Y,0.0
P7,K,39.4
P8,C,16.884
P8,M,3.896
P8,Y,0.0
P8,K,79.22
P9,C,9.245
P9,M,0.0
P9,Y,25.886
P9,K,64.868
P10,C,19.278
P10,M,0.0
P10,Y,10.38
P10,K,70.342
P11,C,15.77
P11,M,0.0
P11,Y,27.597
P11,K,56.633
P12,C,23.762
P12,M,9.721
P12,Y,0.0
P12,K,66.517
P13,C,28.724
P13,M,12.972
P13,Y,0.0
P13,K,58.305
P14,C,41.239
P14,M,19.696
P14,Y,0.0
P14,K,39.064
P15,C,35.322
P15,M,16.125
P15,Y,0.0
P15,K,48.553
P16,C,10.08
P16,M,0.0
P16,Y,1.68
P16,K,88.24
P17,C,35.983
P17,M,16.492
P17,Y,0.0
P17,K,47.525
P18,C,42.16
P18,M,20.783
P18,Y,0.0
P18,K,37.058
P19,C,41.188
P19,M,19.672
P19,Y,0.0
P19,K,39.141
P20,C,0.0
P20,M,8.086
P20,Y,38.407
P20,K,53.508
P21,C,0.0
P21,M,23.105
P21,Y,69.314
P21,K,7.581
P22,C,0.0
P22,M,19.705
P22,Y,65.026
P22,K,15.269
P23,C,0.0
P23,M,20.83
P23,Y,62.491
P23,K,16.678
P24,C,0.0
P24,M,20.144
P24,Y,62.262
P24,K,17.594
P25,C,0.0
P25,M,20.909
P25,Y,60.827
P25,K,18.263
P26,C,0.0
P26,M,19.377
P26,Y,62.006
P26,K,18.617
P27,C,0.0
P27,M,19.731
P27,Y,63.138
P27,K,17.131
P28,C,0.0
P28,M,19.009
P28,Y,62.728
P28,K,18.263
P29,C,0.0
P29,M,20.88
P29,Y,62.64
P29,K,16.481
P30,C,0.0
P30,M,20.895
P30,Y,66.863
P30,K,12.242
P31,C,0.0
P31,M,20.101
P31,Y,64.323
P31,K,15.576
P32,C,0.0
P32,M,18.849
P32,Y,64.923
P32,K,16.229
P33,C,0.0
P33,M,19.377
P33,Y,62.006
P33,K,18.617
P34,C,0.0
P34,M,21.198
P34,Y,61.829
P34,K,16.973
P35,C,0.0
P35,M,20.519
P35,Y,61.558
P35,K,17.922
P36,C,0.0
P36,M,19.731
P36,Y,63.138
P36,K,17.131
P37,C,0.0
P37,M,20.88
P37,Y,62.64
P37,K,16.481
P38,C,0.0
P38,M,20.88
P38,Y,62.64
P38,K,16.481
P39,C,0.0
P39,M,20.101
P39,Y,64.323
P39,K,15.576
P40,C,0.0
P40,M,19.731
P40,Y,63.138
P40,K,17.131
P41,C,0.0
P41,M,19.377
P41,Y,62.006
P41,K,18.617
P42,C,0.0
P42,M,18.487
P42,Y,63.678
P42,K,17.835
P43,C,0.0
P43,M,19.252
P43,Y,64.172
P43,K,16.576
P44,C,0.0
P44,M,21.628
P44,Y,66.852
P44,K,11.52
P45,C,0.0
P45,M,15.214
P45,Y,51.346
P45,K,33.44
P46,C,0.0
P46,M,8.926
P46,Y,62.485
P46,K,28.588
P47,C,0.0
P47,M,6.93
P47,Y,72.768
P47,K,20.302
P48,C,9.541
P48,M,0.0
P48,Y,24.805
P48,K,65.654
Q1,C,6.024
Q1,M,0.0
Q1,Y,19.579
Q1,K,74.396
Q2,C,8.423
Q2,M,0.0
Q2,Y,19.654
Q2,K,71.922
Q3,C,10.499
Q3,M,0.0
Q3,Y,9.186
Q3,K,80.315
Q4,C,32.015
Q4,M,10.358
Q4,Y,0.0
Q4,K,57.627
Q5,C,22.45
Q5,M,0.0
Q5,Y,0.0
Q5,K,77.55
Q6,C,29.622
Q6,M,8.463
Q6,Y,0.0
Q6,K,61.915
Q7,C,37.831
Q7,M,17.514
Q7,Y,0.0
Q7,K,44.655
Q8,C,23.325
Q8,M,9.542
Q8,Y,0.0
Q8,K,67.132
Q9,C,17.686
Q9,M,0.0
Q9,Y,17.686
Q9,K,64.628
Q10,C,17.668
Q10,M,0.0
Q10,Y,10.307
Q10,K,72.025
Q11,C,12.487
Q11,M,0.0
Q11,Y,21.406
Q11,K,66.107
Q12,C,11.534
Q12,M,0.0
Q12,Y,34.603
Q12,K,53.863
Q13,C,15.173
Q13,M,0.0
Q13,Y,20.863
Q13,K,63.964
Q14,C,34.167
Q14,M,14.643
Q14,Y,0.0
Q14,K,51.19
Q15,C,43.273
Q15,M,20.194
Q15,Y,0.0
Q15,K,36.533
Q16,C,31.803
Q16,M,16.309
Q16,Y,0.0
Q16,K,51.888
Q17,C,38.009
Q17,M,17.968
Q17,Y,0.0
Q17,K,44.023
Q18,C,41.495
Q18,M,19.199
Q18,Y,0.0
Q18,K,39.306
Q19,C,39.551
Q19,M,18.457
Q19,Y,0.0
Q19,K,41.992
Q20,C,10.452
Q20,M,0.0
Q20,Y,8.71
Q20,K,80.839
Q21,C,0.0
Q21,M,25.456
Q21,Y,72.732
Q21,K,1.811
Q22,C,0.0
Q22,M,18.404
Q22,Y,58.891
Q22,K,22.705
Q23,C,0.0
Q23,M,20.19
Q23,Y,60.57
Q23,K,19.24
Q24,C,0.0
Q24,M,19.377
Q24,Y,62.006
Q24,K,18.617
Q25,C,0.0
Q25,M,21.229
Q25,Y,60.15
Q25,K,18.621
Q26,C,0.0
Q26,M,20.174
Q26,Y,60.522
Q26,K,19.304
Q27,C,0.0
Q27,M,19.377
Q27,Y,62.006
Q27,K,18.617
Q28,C,0.0
Q28,M,20.519
Q28,Y,61.558
Q28,K,17.922
Q29,C,0.0
Q29,M,20.144
Q29,Y,62.262
Q29,K,17.594
Q30,C,0.0
Q30,M,20.853
Q30,Y,64.456
Q30,K,14.69
Q31,C,0.0
Q31,M,19.324
Q31,Y,65.702
Q31,K,14.974
Q32,C,0.0
Q32,M,19.377
Q32,Y,62.006
Q32,K,18.617
Q33,C,0.0
Q33,M,20.86
Q33,Y,60.843
Q33,K,18.297
Q34,C,0.0
Q34,M,20.174
Q34,Y,60.522
Q34,K,19.304
Q35,C,0.0
Q35,M,19.76
Q35,Y,61.255
Q35,K,18.985
Q36,C,0.0
Q36,M,20.513
Q36,Y,63.591
Q36,K,15.896
Q37,C,0.0
Q37,M,19.349
Q37,Y,63.852
Q37,K,16.799
Q38,C,0.0
Q38,M,20.88
Q38,Y,62.64
Q38,K,16.481
Q39,C,0.0
Q39,M,20.519
Q39,Y,61.558
Q39,K,17.922
Q40,C,0.0
Q40,M,19.525
Q40,Y,58.576
Q40,K,21.899
Q41,C,0.0
Q41,M,20.207
Q41,Y,58.785
Q41,K,21.007
Q42,C,0.0
Q42,M,19.071
Q42,Y,59.12
Q42,K,21.808
Q43,C,0.0
Q43,M,18.487
Q43,Y,63.678
Q43,K,17.835
Q44,C,0.0
Q44,M,13.811
Q44,Y,50.064
Q44,K,36.125
Q45,C,0.0
Q45,M,5.425
Q45,Y,51.537
Q45,K,43.038
Q46,C,0.0
Q46,M,13.795
Q46,Y,82.77
Q46,K,3.435
Q47,C,0.0
Q47,M,5.537
Q47,Y,55.375
Q47,K,39.088
Q48,C,17.828
Q48,M,0.0
Q48,Y,11.345
Q48,K,70.828
R1,C,7.598
R1,M,0.0
R1,Y,24.313
R1,K,68.089
R2,C,28.146
R2,M,10.676
R2,Y,0.0
R2,K,61.178
R3,C,0.0
R3,M,0.0
R3,Y,15.579
R3,K,84.421
R4,C,32.568
R4,M,14.196
R4,Y,0.0
R4,K,53.236
R5,C,42.035
R5,M,19.816
R5,Y,0.0
R5,K,38.149
R6,C,37.701
R6,M,18.152
R6,Y,0.0
R6,K,44.146
R7,C,44.755
R7,M,19.581
R7,Y,0.0
R7,K,35.664
R8,C,20.685
R8,M,2.586
R8,Y,0.0
R8,K,76.729
R9,C,20.652
R9,M,0.0
R9,Y,0.0
R9,K,79.348
R10,C,35.613
R10,M,13.76
R10,Y,0.0
R10,K,50.627
R11,C,33.134
R11,M,15.355
R11,Y,0.0
R11,K,51.512
R12,C,13.66
R12,M,0.0
R12,Y,13.66
R12,K,72.68
R13,C,19.188
R13,M,1.476
R13,Y,0.0
R13,K,79.335
R14,C,38.212
R14,M,16.983
R14,Y,0.0
R14,K,44.805
R15,C,41.299
R15,M,19.725
R15,Y,0.0
R15,K,38.976
R16,C,37.756
R16,M,18.535
R16,Y,0.0
R16,K,43.709
R17,C,33.143
R17,M,16.571
R17,Y,0.0
R17,K,50.286
R18,C,38.167
R18,M,18.402
R18,Y,0.0
R18,K,43.432
R19,C,38.79
R19,M,20.381
R19,Y,0.0
R19,K,40.829
R20,C,30.886
R20,M,11.582
R20,Y,0.0
R20,K,57.532
R21,C,0.0
R21,M,23.53
R21,Y,64.315
R21,K,12.156
R22,C,0.0
R22,M,20.636
R22,Y,55.559
R22,K,23.805
R23,C,0.0
R23,M,20.596
R23,Y,57.036
R23,K,22.367
R24,C,0.0
R24,M,19.673
R24,Y,55.741
R24,K,24.585
R25,C,0.0
R25,M,18.927
R25,Y,56.781
R25,K,24.291
R26,C,0.0
R26,M,19.525
R26,Y,58.576
R26,K,21.899
R27,C,0.0
R27,M,18.404
R27,Y,58.891
R27,K,22.705
R28,C,0.0
R28,M,19.878
R28,Y,57.827
R28,K,22.295
R29,C,0.0
R29,M,20.57
R29,Y,58.282
R29,K,21.148
R30,C,0.0
R30,M,20.893
R30,Y,59.197
R30,K,19.91
R31,C,0.0
R31,M,19.811
R31,Y,61.233
R31,K,18.956
R32,C,0.0
R32,M,20.223
R32,Y,58.985
R32,K,20.792
R33,C,0.0
R33,M,19.634
R33,Y,57.267
R33,K,23.099
R34,C,0.0
R34,M,20.57
R34,Y,58.282
R34,K,21.148
R35,C,0.0
R35,M,19.22
R35,Y,57.661
R35,K,23.119
R36,C,0.0
R36,M,20.893
R36,Y,59.197
R36,K,19.91
R37,C,0.0
R37,M,20.536
R37,Y,59.895
R37,K,19.569
R38,C,0.0
R38,M,19.923
R38,Y,58.109
R38,K,21.968
R39,C,0.0
R39,M,18.624
R39,Y,52.769
R39,K,28.606
R40,C,0.0
R40,M,15.072
R40,Y,49.737
R40,K,35.191
R41,C,0.0
R41,M,19.698
R41,Y,57.579
R41,K,22.723
R42,C,0.0
R42,M,15.072
R42,Y,49.737
R42,K,35.191
R43,C,0.0
R43,M,10.336
R43,Y,36.178
R43,K,53.486
R44,C,0.0
R44,M,6.976
R44,Y,36.625
R44,K,56.398
R45,C,0.0
R45,M,8.335
R45,Y,87.514
R45,K,4.151
R46,C,2.541
R46,M,0.0
R46,Y,38.12
R46,K,59.338
R47,C,23.712
R47,M,0.0
R47,Y,6.323
R47,K,69.965
R48,C,36.245
R48,M,13.18
R48,Y,0.0
R48,K,50.575
S1,C,0.0
S1,M,1.588
S1,Y,31.754
S1,K,66.658
S2,C,0.0
S2,M,0.0
S2,Y,19.253
S2,K,80.747
S3,C,12.344
S3,M,0.0
S3,Y,18.516
S3,K,69.14
S4,C,10.259
S4,M,0.0
S4,Y,14.656
S4,K,75.085
S5,C,33.988
S5,M,13.264
S5,Y,0.0
S5,K,52.749
S6,C,39.19
S6,M,19.263
S6,Y,0.0
S6,K,41.547
S7,C,41.205
S7,M,18.384
S7,Y,0.0
S7,K,40.412
S8,C,38.707
S8,M,15.337
S8,Y,0.0
S8,K,45.956
S9,C,38.959
S9,M,16.697
S9,Y,0.0
S9,K,44.344
S10,C,40.21
S10,M,17.798
S10,Y,0.0
S10,K,41.992
S11,C,43.6
S11,M,18.854
S11,Y,0.0
S11,K,37.546
S12,C,33.414
S12,M,14.67
S12,Y,0.0
S12,K,51.916
S13,C,28.952
S13,M,13.571
S13,Y,0.0
S13,K,57.477
S14,C,38.181
S14,M,18.409
S14,Y,0.0
S14,K,43.411
S15,C,40.447
S15,M,19.592
S15,Y,0.0
S15,K,39.961
S16,C,17.167
S16,M,4.292
S16,Y,0.0
S16,K,78.541
S17,C,0.0
S17,M,0.0
S17,Y,58.765
S17,K,41.235
S18,C,15.67
S18,M,0.0
S18,Y,1.741
S18,K,82.589
S19,C,26.404
S19,M,12.713
S19,Y,0.0
S19,K,60.884
S20,C,38.835
S20,M,19.747
S20,Y,0.0
S20,K,41.419
S21,C,9.072
S21,M,0.0
S21,Y,9.072
S21,K,81.857
S22,C,0.0
S22,M,16.949
S22,Y,49.542
S22,K,33.509
S23,C,0.0
S23,M,13.581
S23,Y,43.46
S23,K,42.959
S24,C,0.0
S24,M,14.556
S24,Y,48.034
S24,K,37.411
S25,C,0.0
S25,M,15.492
S25,Y,49.575
S25,K,34.933
S26,C,0.0
S26,M,16.897
S26,Y,52.226
S26,K,30.878
S27,C,0.0
S27,M,16.548
S27,Y,52.953
S27,K,30.5
S28,C,0.0
S28,M,16.942
S28,Y,50.827
S28,K,32.23
S29,C,0.0
S29,M,17.666
S29,Y,51.527
S29,K,30.807
S30,C,0.0
S30,M,17.883
S30,Y,52.159
S30,K,29.957
S31,C,0.0
S31,M,18.873
S31,Y,53.472
S31,K,27.655
S32,C,0.0
S32,M,17.666
S32,Y,51.527
S32,K,30.807
S33,C,0.0
S33,M,15.683
S33,Y,49.899
S33,K,34.418
S34,C,0.0
S34,M,15.509
S34,Y,49.348
S34,K,35.143
S35,C,0.0
S35,M,14.239
S35,Y,46.988
S35,K,38.774
S36,C,0.0
S36,M,12.641
S36,Y,44.946
S36,K,42.413
S37,C,0.0
S37,M,13.327
S37,Y,42.647
S37,K,44.026
S38,C,0.0
S38,M,10.311
S38,Y,38.668
S38,K,51.021
S39,C,0.0
S39,M,7.757
S39,Y,33.614
S39,K,58.629
S40,C,0.0
S40,M,10.612
S40,Y,36.553
S40,K,52.835
S41,C,2.957
S41,M,0.0
S41,Y,14.786
S41,K,82.257
S42,C,16.115
S42,M,4.958
S42,Y,0.0
S42,K,78.927
S43,C,0.0
S43,M,12.919
S43,Y,42.631
S43,K,44.45
S44,C,0.0
S44,M,8.697
S44,Y,86.971
S44,K,4.332
S45,C,0.0
S45,M,8.889
S45,Y,68.15
S45,K,22.961
S46,C,2.418
S46,M,0.0
S46,Y,41.113
S46,K,56.468
S47,C,38.449
S47,M,8.313
S47,Y,0.0
S47,K,53.238
S48,C,45.812
S48,M,20.242
S48,Y,0.0
S48,K,33.946
T1,C,11.522
T1,M,0.0
T1,Y,18.724
T1,K,69.754
T2,C,4.828
T2,M,0.0
T2,Y,25.749
T2,K,69.423
T3,C,18.603
T3,M,0.0
T3,Y,15.741
T3,K,65.657
T4,C,10.577
T4,M,0.0
T4,Y,29.969
T4,K,59.454
T5,C,1.603
T5,M,0.0
T5,Y,19.232
T5,K,79.165
T6,C,11.268
T6,M,0.0
T6,Y,2.817
T6,K,85.915
T7,C,30.709
T7,M,15.354
T7,Y,0.0
T7,K,53.937
T8,C,44.607
T8,M,20.376
T8,Y,0.0
T8,K,35.016
T9,C,41.577
T9,M,18.269
T9,Y,0.0
T9,K,40.154
T10,C,40.873
T10,M,18.52
T10,Y,0.0
T10,K,40.607
T11,C,43.926
T11,M,18.742
T11,Y,0.0
T11,K,37.332
T12,C,45.009
T12,M,19.129
T12,Y,0.0
T12,K,35.862
T13,C,37.871
T13,M,18.591
T13,Y,0.0
T13,K,43.538
T14,C,26.944
T14,M,13.936
T14,Y,0.0
T14,K,59.12
T15,C,25.916
T15,M,9.718
T15,Y,0.0
T15,K,64.366
T16,C,0.0
T16,M,3.604
T16,Y,68.471
T16,K,27.925
T17,C,0.0
T17,M,4.348
T17,Y,95.652
T17,K,0.0
T18,C,0.0
T18,M,0.0
T18,Y,100.0
T18,K,0.0
T19,C,0.0
T19,M,0.0
T19,Y,100.0
T19,K,0.0
T20,C,22.935
T20,M,10.921
T20,Y,0.0
T20,K,66.144
T21,C,36.356
T21,M,17.451
T21,Y,0.0
T21,K,46.193
T22,C,0.0
T22,M,6.346
T22,Y,29.194
T22,K,64.46
T23,C,0.0
T23,M,7.603
T23,Y,30.411
T23,K,61.986
T24,C,0.0
T24,M,5.15
T24,Y,28.325
T24,K,66.525
T25,C,0.0
T25,M,7.601
T25,Y,31.671
T25,K,60.728
T26,C,0.0
T26,M,8.763
T26,Y,33.8
T26,K,57.437
T27,C,0.0
T27,M,7.985
T27,Y,34.603
T27,K,57.411
T28,C,0.0
T28,M,7.652
T28,Y,33.16
T28,K,59.188
T29,C,0.0
T29,M,7.602
T29,Y,32.942
T29,K,59.455
T30,C,0.0
T30,M,7.507
T30,Y,33.781
T30,K,58.712
T31,C,0.0
T31,M,7.602
T31,Y,32.942
T31,K,59.455
T32,C,0.0
T32,M,6.677
T32,Y,32.05
T32,K,61.273
T33,C,0.0
T33,M,7.554
T33,Y,31.474
T33,K,60.973
T34,C,0.0
T34,M,6.303
T34,Y,30.254
T34,K,63.444
T35,C,0.0
T35,M,5.132
T35,Y,26.943
T35,K,67.925
T36,C,0.0
T36,M,3.864
T36,Y,24.475
T36,K,71.661
T37,C,0.0
T37,M,2.604
T37,Y,20.831
T37,K,76.565
T38,C,0.0
T38,M,2.602
T38,Y,19.516
T38,K,77.882
T39,C,0.0
T39,M,4.901
T39,Y,22.057
T39,K,73.042
T40,C,20.284
T40,M,4.773
T40,Y,0.0
T40,K,74.943
T41,C,35.011
T41,M,15.561
T41,Y,0.0
T41,K,49.428
T42,C,1.579
T42,M,0.0
T42,Y,7.897
T42,K,90.524
T43,C,0.0
T43,M,0.0
T43,Y,100.0
T43,K,0.0
T44,C,0.0
T44,M,11.113
T44,Y,85.198
T44,K,3.69
T45,C,4.77
T45,M,0.0
T45,Y,35.778
T45,K,59.452
T46,C,31.752
T46,M,2.761
T46,Y,0.0
T46,K,65.486
T47,C,37.185
T47,M,14.241
T47,Y,0.0
T47,K,48.574
T48,C,44.116
T48,M,20.361
T48,Y,0.0
T48,K,35.523
U1,C,10.541
U1,M,0.0
U1,Y,19.576
U1,K,69.883
U2,C,11.438
U2,M,0.0
U2,Y,12.868
U2,K,75.694
U3,C,10.625
U3,M,0.0
U3,Y,19.732
U3,K,69.643
U4,C,3.844
U4,M,0.0
U4,Y,32.67
U4,K,63.486
U5,C,11.718
U5,M,0.0
U5,Y,7.324
U5,K,80.958
U6,C,0.0
U6,M,5.122
U6,Y,28.168
U6,K,66.71
U7,C,0.0
U7,M,7.086
U7,Y,31.888
U7,K,61.025
U8,C,8.46
U8,M,0.0
U8,Y,2.82
U8,K,88.721
U9,C,32.921
U9,M,13.506
U9,Y,0.0
U9,K,53.573
U10,C,40.903
U10,M,18.534
U10,Y,0.0
U10,K,40.562
U11,C,38.863
U11,M,17.727
U11,Y,0.0
U11,K,43.411
U12,C,43.674
U12,M,19.217
U12,Y,0.0
U12,K,37.109
U13,C,43.832
U13,M,19.924
U13,Y,0.0
U13,K,36.244
U14,C,21.348
U14,M,6.279
U14,Y,0.0
U14,K,72.373
U15,C,0.0
U15,M,0.0
U15,Y,100.0
U15,K,0.0
U16,C,0.0
U16,M,8.697
U16,Y,86.971
U16,K,4.332
U17,C,0.0
U17,M,6.534
U17,Y,62.076
U17,K,31.39
U18,C,0.0
U18,M,3.276
U18,Y,62.243
U18,K,34.481
U19,C,0.0
U19,M,4.355
U19,Y,82.736
U19,K,12.91
U20,C,0.0
U20,M,3.191
U20,Y,57.44
U20,K,39.369
U21,C,32.463
U21,M,14.983
U21,Y,0.0
U21,K,52.554
U22,C,29.551
U22,M,13.432
U22,Y,0.0
U22,K,57.016
U23,C,0.0
U23,M,5.072
U23,Y,19.021
U23,K,75.906
U24,C,0.0
U24,M,1.352
U24,Y,14.877
U24,K,83.77
U25,C,0.0
U25,M,2.64
U25,Y,15.839
U25,K,81.522
U26,C,0.0
U26,M,2.623
U26,Y,15.736
U26,K,81.641
U27,C,0.0
U27,M,2.6
U27,Y,16.897
U27,K,80.504
U28,C,0.0
U28,M,1.334
U28,Y,16.013
U28,K,82.652
U29,C,0.0
U29,M,3.833
U29,Y,16.612
U29,K,79.555
U30,C,0.0
U30,M,2.638
U30,Y,14.51
U30,K,82.851
U31,C,0.0
U31,M,0.0
U31,Y,15.696
U31,K,84.304
U32,C,0.0
U32,M,1.36
U32,Y,13.596
U32,K,85.044
U33,C,0.0
U33,M,1.352
U33,Y,14.877
U33,K,83.77
U34,C,0.0
U34,M,2.657
U34,Y,14.616
U34,K,82.726
U35,C,0.0
U35,M,2.665
U35,Y,13.327
U35,K,84.008
U36,C,0.0
U36,M,2.678
U36,Y,13.39
U36,K,83.932
U37,C,0.0
U37,M,0.0
U37,Y,9.955
U37,K,90.045
U38,C,0.0
U38,M,0.0
U38,Y,9.944
U38,K,90.056
U39,C,26.139
U39,M,10.054
U39,Y,0.0
U39,K,63.807
U40,C,26.484
U40,M,13.242
U40,Y,0.0
U40,K,60.274
U41,C,0.0
U41,M,2.988
U41,Y,17.926
U41,K,79.086
U42,C,0.0
U42,M,7.692
U42,Y,92.308
U42,K,0.0
U43,C,6.061
U43,M,0.0
U43,Y,48.491
U43,K,45.448
U44,C,14.747
U44,M,0.0
U44,Y,23.174
U44,K,62.079
U45,C,39.375
U45,M,15.75
U45,Y,0.0
U45,K,44.875
U46,C,43.042
U46,M,20.358
U46,Y,0.0
U46,K,36.6
U47,C,45.569
U47,M,20.372
U47,Y,0.0
U47,K,34.059
U48,C,38.814
U48,M,16.231
U48,Y,0.0
U48,K,44.955
V1,C,18.938
V1,M,0.0
V1,Y,17.585
V1,K,63.477
V2,C,33.543
V2,M,14.726
V2,Y,0.0
V2,K,51.731
V3,C,22.372
V3,M,6.712
V3,Y,0.0
V3,K,70.916
V4,C,29.551
V4,M,13.432
V4,Y,0.0
V4,K,57.016
V5,C,27.414
V5,M,10.77
V5,Y,0.0
V5,K,61.816
V6,C,1.526
V6,M,0.0
V6,Y,15.261
V6,K,83.213
V7,C,0.0
V7,M,2.811
V7,Y,21.085
V7,K,76.104
V8,C,0.0
V8,M,7.086
V8,Y,32.594
V8,K,60.32
V9,C,0.0
V9,M,5.908
V9,Y,29.541
V9,K,64.551
V10,C,1.431
V10,M,0.0
V10,Y,12.883
V10,K,85.685
V11,C,4.167
V11,M,0.0
V11,Y,11.112
V11,K,84.721
V12,C,24.031
V12,M,7.646
V12,Y,0.0
V12,K,68.323
V13,C,24.081
V13,M,6.337
V13,Y,0.0
V13,K,69.583
V14,C,0.0
V14,M,3.73
V14,Y,70.875
V14,K,25.395
V15,C,0.0
V15,M,10.728
V15,Y,78.671
V15,K,10.602
V16,C,0.0
V16,M,7.461
V16,Y,67.145
V16,K,25.395
V17,C,13.703
V17,M,0.0
V17,Y,17.619
V17,K,68.678
V18,C,0.0
V18,M,5.093
V18,Y,45.836
V18,K,49.071
V19,C,0.0
V19,M,8.335
V19,Y,87.514
V19,K,4.151
V20,C,0.0
V20,M,10.367
V20,Y,76.027
V20,K,13.606
V21,C,4.736
V21,M,0.0
V21,Y,30.783
V21,K,64.481
V22,C,19.622
V22,M,5.606
V22,Y,0.0
V22,K,74.772
V23,C,8.753
V23,M,0.0
V23,Y,0.0
V23,K,91.247
V24,C,0.0
V24,M,2.714
V24,Y,10.855
V24,K,86.432
V25,C,0.0
V25,M,0.0
V25,Y,7.274
V25,K,92.726
V26,C,0.0
V26,M,1.413
V26,Y,8.481
V26,K,90.106
V27,C,0.0
V27,M,0.0
V27,Y,8.602
V27,K,91.398
V28,C,1.456
V28,M,0.0
V28,Y,5.822
V28,K,92.722
V29,C,1.455
V29,M,0.0
V29,Y,5.818
V29,K,92.727
V30,C,0.0
V30,M,4.952
V30,Y,29.711
V30,K,65.338
V31,C,0.0
V31,M,5.884
V31,Y,88.256
V31,K,5.861
V32,C,0.0
V32,M,1.568
V32,Y,18.813
V32,K,79.619
V33,C,0.0
V33,M,0.0
V33,Y,7.285
V33,K,92.715
V34,C,0.0
V34,M,0.0
V34,Y,8.605
V34,K,91.395
V35,C,1.434
V35,M,0.0
V35,Y,7.171
V35,K,91.395
V36,C,5.735
V36,M,0.0
V36,Y,2.868
V36,K,91.397
V37,C,2.871
V37,M,0.0
V37,Y,5.741
V37,K,91.388
V38,C,0.0
V38,M,8.772
V38,Y,24.123
V38,K,67.105
V39,C,0.0
V39,M,10.028
V39,Y,30.084
V39,K,59.888
V40,C,0.0
V40,M,15.099
V40,Y,43.786
V40,K,41.116
V41,C,0.0
V41,M,12.0
V41,Y,88.0
V41,K,0.0
V42,C,16.955
V42,M,0.0
V42,Y,16.955
V42,K,66.09
V43,C,29.612
V43,M,1.41
V43,Y,0.0
V43,K,68.978
V44,C,39.807
V44,M,17.913
V44,Y,0.0
V44,K,42.279
V45,C,39.436
V45,M,20.041
V45,Y,0.0
V45,K,40.523
V46,C,32.032
V46,M,14.33
V46,Y,0.0
V46,K,53.638
V47,C,22.566
V47,M,0.0
V47,Y,0.0
V47,K,77.434
V48,C,0.0
V48,M,2.195
V48,Y,48.3
V48,K,49.505
W1,C,0.0
W1,M,15.128
W1,Y,54.461
W1,K,30.411
W2,C,31.272
W2,M,15.213
W2,Y,0.0
W2,K,53.515
W3,C,36.775
W3,M,18.027
W3,Y,0.0
W3,K,45.199
W4,C,35.053
W4,M,16.764
W4,Y,0.0
W4,K,48.183
W5,C,41.292
W5,M,20.338
W5,Y,0.0
W5,K,38.37
W6,C,29.087
W6,M,9.696
W6,Y,0.0
W6,K,61.217
W7,C,4.424
W7,M,0.0
W7,Y,8.849
W7,K,86.727
W8,C,5.963
W8,M,0.0
W8,Y,5.963
W8,K,88.074
W9,C,2.758
W9,M,0.0
W9,Y,16.546
W9,K,80.696
W10,C,33.465
W10,M,13.386
W10,Y,0.0
W10,K,53.15
W11,C,12.37
W11,M,0.0
W11,Y,7.731
W11,K,79.898
W12,C,0.0
W12,M,6.897
W12,Y,93.103
W12,K,0.0
W13,C,0.0
W13,M,0.0
W13,Y,100.0
W13,K,0.0
W14,C,0.0
W14,M,9.708
W14,Y,74.429
W14,K,15.863
W15,C,0.0
W15,M,0.0
W15,Y,57.947
W15,K,42.053
W16,C,11.115
W16,M,0.0
W16,Y,26.676
W16,K,62.209
W17,C,16.129
W17,M,0.0
W17,Y,10.753
W17,K,73.118
W18,C,5.416
W18,M,0.0
W18,Y,37.914
W18,K,56.669
W19,C,0.0
W19,M,7.434
W19,Y,74.344
W19,K,18.222
W20,C,0.0
W20,M,12.0
W20,Y,88.0
W20,K,0.0
W21,C,0.0
W21,M,3.191
W21,Y,57.44
W21,K,39.369
W22,C,5.249
W22,M,0.0
W22,Y,41.993
W22,K,52.758
W23,C,12.468
W23,M,0.0
W23,Y,37.405
W23,K,50.127
W24,C,6.212
W24,M,0.0
W24,Y,17.082
W24,K,76.707
W25,C,0.0
W25,M,0.0
W25,Y,7.29
W25,K,92.71
W26,C,1.464
W26,M,0.0
W26,Y,5.855
W26,K,92.681
W27,C,0.0
W27,M,2.676
W27,Y,12.044
W27,K,85.279
W28,C,0.0
W28,M,9.564
W28,Y,26.567
W28,K,63.869
W29,C,0.0
W29,M,9.126
W29,Y,33.897
W29,K,56.976
W30,C,12.306
W30,M,0.0
W30,Y,7.032
W30,K,80.662
W31,C,5.038
W31,M,0.0
W31,Y,30.225
W31,K,64.737
W32,C,5.596
W32,M,0.0
W32,Y,33.575
W32,K,60.829
W33,C,0.0
W33,M,0.0
W33,Y,20.19
W33,K,79.81
W34,C,2.869
W34,M,0.0
W34,Y,5.739
W34,K,91.392
W35,C,0.0
W35,M,6.022
W35,Y,18.065
W35,K,75.914
W36,C,0.0
W36,M,11.484
W36,Y,25.056
W36,K,63.46
W37,C,0.0
W37,M,18.74
W37,Y,39.184
W37,K,42.076
W38,C,0.0
W38,M,18.533
W38,Y,50.147
W38,K,31.32
W39,C,0.0
W39,M,20.002
W39,Y,77.785
W39,K,2.214
W40,C,0.0
W40,M,0.0
W40,Y,61.151
W40,K,38.849
W41,C,18.398
W41,M,0.0
W41,Y,18.398
W41,K,63.203
W42,C,38.448
W42,M,6.785
W42,Y,0.0
W42,K,54.767
W43,C,37.761
W43,M,14.642
W43,Y,0.0
W43,K,47.597
W44,C,24.946
W44,M,8.677
W44,Y,0.0
W44,K,66.377
W45,C,34.051
W45,M,6.81
W45,Y,0.0
W45,K,59.138
W46,C,38.906
W46,M,8.191
W46,Y,0.0
W46,K,52.903
W47,C,5.425
W47,M,0.0
W47,Y,51.537
W47,K,43.038
W48,C,5.017
W48,M,0.0
W48,Y,55.184
W48,K,39.799
X1,C,0.0
X1,M,19.897
X1,Y,61.221
X1,K,18.882
X2,C,0.0
X2,M,7.496
X2,Y,35.981
X2,K,56.523
X3,C,23.705
X3,M,8.62
X3,Y,0.0
X3,K,67.675
X4,C,32.857
X4,M,14.785
X4,Y,0.0
X4,K,52.358
X5,C,33.689
X5,M,15.24
X5,Y,0.0
X5,K,51.071
X6,C,30.842
X6,M,12.15
X6,Y,0.0
X6,K,57.008
X7,C,0.0
X7,M,5.226
X7,Y,34.838
X7,K,59.936
X8,C,0.0
X8,M,4.921
X8,Y,31.166
X8,K,63.914
X9,C,0.0
X9,M,6.554
X9,Y,39.322
X9,K,54.125
X10,C,8.086
X10,M,0.0
X10,Y,32.345
X10,K,59.569
X11,C,0.0
X11,M,17.515
X11,Y,75.066
X11,K,7.418
X12,C,0.0
X12,M,15.423
X12,Y,71.976
X12,K,12.601
X13,C,0.0
X13,M,14.713
X13,Y,79.448
X13,K,5.839
X14,C,15.466
X14,M,0.0
X14,Y,19.333
X14,K,65.201
X15,C,13.659
X15,M,0.0
X15,Y,29.596
X15,K,56.745
X16,C,17.423
X16,M,0.0
X16,Y,10.454
X16,K,72.124
X17,C,19.278
X17,M,0.0
X17,Y,15.773
X17,K,64.948
X18,C,17.027
X18,M,0.0
X18,Y,23.412
X18,K,59.561
X19,C,13.338
X19,M,0.0
X19,Y,24.453
X19,K,62.209
X20,C,15.223
X20,M,0.0
X20,Y,23.921
X20,K,60.856
X21,C,2.822
X21,M,0.0
X21,Y,45.158
X21,K,52.02
X22,C,0.0
X22,M,0.0
X22,Y,42.394
X22,K,57.606
X23,C,13.563
X23,M,0.0
X23,Y,15.258
X23,K,71.179
X24,C,6.328
X24,M,0.0
X24,Y,63.275
X24,K,30.397
X25,C,0.0
X25,M,1.958
X25,Y,29.364
X25,K,68.678
X26,C,15.114
X26,M,5.038
X26,Y,0.0
X26,K,79.848
X27,C,28.894
X27,M,13.544
X27,Y,0.0
X27,K,57.562
X28,C,33.584
X28,M,17.183
X28,Y,0.0
X28,K,49.233
X29,C,5.855
X29,M,1.464
X29,Y,0.0
X29,K,92.681
X30,C,7.165
X30,M,5.732
X30,Y,0.0
X30,K,87.103
X31,C,16.73
X31,M,8.365
X31,Y,0.0
X31,K,74.905
X32,C,15.012
X32,M,7.506
X32,Y,0.0
X32,K,77.482
X33,C,0.0
X33,M,1.436
X33,Y,7.181
X33,K,91.383
X34,C,7.205
X34,M,4.323
X34,Y,0.0
X34,K,88.472
X35,C,0.0
X35,M,13.561
X35,Y,30.028
X35,K,56.41
X36,C,0.0
X36,M,22.123
X36,Y,55.833
X36,K,22.044
X37,C,0.0
X37,M,7.641
X37,Y,47.756
X37,K,44.603
X38,C,26.769
X38,M,0.0
X38,Y,14.277
X38,K,58.954
X39,C,42.785
X39,M,11.351
X39,Y,0.0
X39,K,45.864
X40,C,43.433
X40,M,12.635
X40,Y,0.0
X40,K,43.932
X41,C,41.549
X41,M,11.253
X41,Y,0.0
X41,K,47.198
X42,C,29.653
X42,M,0.0
X42,Y,8.237
X42,K,62.11
X43,C,24.048
X43,M,0.0
X43,Y,33.667
X43,K,42.286
X44,C,36.096
X44,M,0.0
X44,Y,0.0
X44,K,63.904
X45,C,41.083
X45,M,12.576
X45,Y,0.0
X45,K,46.341
X46,C,18.17
X46,M,0.0
X46,Y,21.804
X46,K,60.026
X47,C,16.382
X47,M,0.0
X47,Y,44.466
X47,K,39.152
X48,C,23.753
X48,M,0.0
X48,Y,23.753
X48,K,52.494
Y1,C,0.0
Y1,M,17.323
Y1,Y,54.857
Y1,K,27.819
Y2,C,0.0
Y2,M,18.263
Y2,Y,59.77
Y2,K,21.968
Y3,C,0.0
Y3,M,16.209
Y3,Y,64.835
Y3,K,18.956
Y4,C,0.0
Y4,M,14.452
Y4,Y,61.938
Y4,K,23.609
Y5,C,0.0
Y5,M,18.208
Y5,Y,72.831
Y5,K,8.961
Y6,C,0.0
Y6,M,13.89
Y6,Y,83.342
Y6,K,2.767
Y7,C,0.0
Y7,M,0.0
Y7,Y,56.962
Y7,K,43.038
Y8,C,0.0
Y8,M,20.93
Y8,Y,79.07
Y8,K,0.0
Y9,C,0.0
Y9,M,11.028
Y9,Y,61.759
Y9,K,27.212
Y10,C,24.255
Y10,M,0.0
Y10,Y,16.676
Y10,K,59.069
Y11,C,24.679
Y11,M,0.0
Y11,Y,24.679
Y11,K,50.643
Y12,C,0.0
Y12,M,2.526
Y12,Y,53.051
Y12,K,44.422
Y13,C,16.339
Y13,M,0.0
Y13,Y,19.97
Y13,K,63.691
Y14,C,14.085
Y14,M,0.0
Y14,Y,14.085
Y14,K,71.831
Y15,C,17.252
Y15,M,0.0
Y15,Y,15.527
Y15,K,67.221
Y16,C,22.99
Y16,M,0.0
Y16,Y,19.159
Y16,K,57.851
Y17,C,15.317
Y17,M,0.0
Y17,Y,28.445
Y17,K,56.238
Y18,C,13.265
Y18,M,0.0
Y18,Y,26.53
Y18,K,60.205
Y19,C,24.68
Y19,M,0.0
Y19,Y,15.866
Y19,K,59.454
Y20,C,24.954
Y20,M,3.94
Y20,Y,0.0
Y20,K,71.106
Y21,C,31.702
Y21,M,9.511
Y21,Y,0.0
Y21,K,58.787
Y22,C,0.0
Y22,M,6.472
Y22,Y,77.665
Y22,K,15.863
Y23,C,14.185
Y23,M,0.0
Y23,Y,12.412
Y23,K,73.402
Y24,C,34.504
Y24,M,11.19
Y24,Y,0.0
Y24,K,54.306
Y25,C,32.188
Y25,M,1.463
Y25,Y,0.0
Y25,K,66.349
Y26,C,20.563
Y26,M,0.0
Y26,Y,14.394
Y26,K,65.043
Y27,C,21.221
Y27,M,0.0
Y27,Y,6.53
Y27,K,72.249
Y28,C,19.593
Y28,M,0.0
Y28,Y,0.0
Y28,K,80.407
Y29,C,24.909
Y29,M,9.747
Y29,Y,0.0
Y29,K,65.344
Y30,C,17.297
Y30,M,6.178
Y30,Y,0.0
Y30,K,76.525
Y31,C,4.421
Y31,M,0.0
Y31,Y,7.368
Y31,K,88.211
Y32,C,0.0
Y32,M,2.821
Y32,Y,19.746
Y32,K,77.434
Y33,C,0.0
Y33,M,2.889
Y33,Y,23.111
Y33,K,74.0
Y34,C,0.0
Y34,M,1.773
Y34,Y,24.824
Y34,K,73.402
Y35,C,6.245
Y35,M,0.0
Y35,Y,24.982
Y35,K,68.773
Y36,C,26.552
Y36,M,0.0
Y36,Y,0.0
Y36,K,73.448
Y37,C,25.254
Y37,M,0.0
Y37,Y,5.051
Y37,K,69.695
Y38,C,16.264
Y38,M,0.0
Y38,Y,14.457
Y38,K,69.279
Y39,C,37.541
Y39,M,7.508
Y39,Y,0.0
Y39,K,54.951
Y40,C,33.545
Y40,M,0.0
Y40,Y,6.099
Y40,K,60.356
Y41,C,29.455
Y41,M,0.0
Y41,Y,21.6
Y41,K,48.945
Y42,C,40.632
Y42,M,10.835
Y42,Y,0.0
Y42,K,48.532
Y43,C,42.17
Y43,M,16.868
Y43,Y,0.0
Y43,K,40.962
Y44,C,26.83
Y44,M,2.555
Y44,Y,0.0
Y44,K,70.615
Y45,C,11.21
Y45,M,0.0
Y45,Y,64.458
Y45,K,24.332
Y46,C,26.962
Y46,M,0.0
Y46,Y,32.739
Y46,K,40.299
Y47,C,40.03
Y47,M,3.532
Y47,Y,0.0
Y47,K,56.438
Y48,C,47.72
Y48,M,18.437
Y48,Y,0.0
Y48,K,33.842
Z1,C,0.0
Z1,M,19.155
Z1,Y,57.466
Z1,K,23.379
Z2,C,5.318
Z2,M,0.0
Z2,Y,33.683
Z2,K,60.998
Z3,C,25.666
Z3,M,0.0
Z3,Y,14.116
Z3,K,60.218
Z4,C,16.644
Z4,M,0.0
Z4,Y,24.966
Z4,K,58.39
Z5,C,0.0
Z5,M,8.943
Z5,Y,53.656
Z5,K,37.401
Z6,C,7.838
Z6,M,0.0
Z6,Y,27.432
Z6,K,64.73
Z7,C,23.656
Z7,M,0.0
Z7,Y,18.925
Z7,K,57.419
Z8,C,0.0
Z8,M,12.949
Z8,Y,60.427
Z8,K,26.625
Z9,C,0.0
Z9,M,9.946
Z9,Y,51.72
Z9,K,38.334
Z10,C,17.192
Z10,M,0.0
Z10,Y,17.192
Z10,K,65.617
Z11,C,24.035
Z11,M,0.0
Z11,Y,17.626
Z11,K,58.339
Z12,C,13.73
Z12,M,0.0
Z12,Y,31.382
Z12,K,54.888
Z13,C,11.876
Z13,M,0.0
Z13,Y,40.378
Z13,K,47.746
Z14,C,9.106
Z14,M,0.0
Z14,Y,34.149
Z14,K,56.745
Z15,C,14.151
Z15,M,0.0
Z15,Y,26.28
Z15,K,59.569
Z16,C,0.0
Z16,M,6.71
Z16,Y,70.451
Z16,K,22.839
Z17,C,0.0
Z17,M,2.81
Z17,Y,47.774
Z17,K,49.416
Z18,C,20.678
Z18,M,0.0
Z18,Y,22.558
Z18,K,56.764
Z19,C,16.833
Z19,M,0.0
Z19,Y,5.05
Z19,K,78.117
Z20,C,28.085
Z20,M,11.621
Z20,Y,0.0
Z20,K,60.294
Z21,C,0.0
Z21,M,4.443
Z21,Y,8.886
Z21,K,86.672
Z22,C,32.23
Z22,M,3.719
Z22,Y,0.0
Z22,K,64.051
Z23,C,18.621
Z23,M,0.0
Z23,Y,11.173
Z23,K,70.206
Z24,C,19.671
Z24,M,6.147
Z24,Y,0.0
Z24,K,74.182
Z25,C,38.124
Z25,M,15.396
Z25,Y,0.0
Z25,K,46.479
Z26,C,40.783
Z26,M,15.025
Z26,Y,0.0
Z26,K,44.192
Z27,C,30.662
Z27,M,9.891
Z27,Y,0.0
Z27,K,59.447
Z28,C,27.368
Z28,M,7.663
Z28,Y,0.0
Z28,K,64.97
Z29,C,7.407
Z29,M,0.0
Z29,Y,92.593
Z29,K,0.0
Z30,C,3.712
Z30,M,0.0
Z30,Y,81.671
Z30,K,14.616
Z31,C,18.364
Z31,M,0.0
Z31,Y,44.599
Z31,K,37.037
Z32,C,8.346
Z32,M,0.0
Z32,Y,79.283
Z32,K,12.371
Z33,C,12.008
Z33,M,0.0
Z33,Y,80.05
Z33,K,7.942
Z34,C,12.68
Z34,M,0.0
Z34,Y,40.577
Z34,K,46.743
Z35,C,13.355
Z35,M,0.0
Z35,Y,31.163
Z35,K,55.482
Z36,C,10.812
Z36,M,0.0
Z36,Y,48.654
Z36,K,40.534
Z37,C,16.165
Z37,M,0.0
Z37,Y,45.8
Z37,K,38.035
Z38,C,20.867
Z38,M,0.0
Z38,Y,46.952
Z38,K,32.181
Z39,C,27.234
Z39,M,0.0
Z39,Y,11.915
Z39,K,60.85
Z40,C,35.248
Z40,M,10.203
Z40,Y,0.0
Z40,K,54.549
Z41,C,40.816
Z41,M,15.482
Z41,Y,0.0
Z41,K,43.702
Z42,C,39.839
Z42,M,16.485
Z42,Y,0.0
Z42,K,43.675
Z43,C,12.652
Z43,M,0.0
Z43,Y,6.326
Z43,K,81.022
Z44,C,26.962
Z44,M,0.0
Z44,Y,25.036
Z44,K,48.002
Z45,C,38.771
Z45,M,9.231
Z45,Y,0.0
Z45,K,51.998
Z46,C,42.926
Z46,M,14.99
Z46,Y,0.0
Z46,K,42.084
Z47,C,42.494
Z47,M,16.74
Z47,Y,0.0
Z47,K,40.767
Z48,C,39.52
Z48,M,15.526
Z48,Y,0.0
Z48,K,44.955
a1,C,0.0
a1,M,16.919
a1,Y,53.577
a1,K,29.503
a2,C,0.0
a2,M,12.79
a2,Y,51.16
a2,K,36.05
a3,C,0.0
a3,M,3.465
a3,Y,38.111
a3,K,58.424
a4,C,12.994
a4,M,0.0
a4,Y,17.867
a4,K,69.138
a5,C,19.719
a5,M,0.0
a5,Y,9.101
a5,K,71.18
a6,C,16.474
a6,M,0.0
a6,Y,25.626
a6,K,57.9
a7,C,11.834
a7,M,0.0
a7,Y,37.474
a7,K,50.692
a8,C,21.898
a8,M,6.915
a8,Y,0.0
a8,K,71.186
a9,C,16.558
a9,M,0.0
a9,Y,10.537
a9,K,72.904
a10,C,1.92
a10,M,0.0
a10,Y,30.721
a10,K,67.359
a11,C,14.855
a11,M,0.0
a11,Y,19.807
a11,K,65.338
a12,C,10.482
a12,M,0.0
a12,Y,35.638
a12,K,53.88
a13,C,0.0
a13,M,5.372
a13,Y,59.09
a13,K,35.538
a14,C,0.0
a14,M,5.951
a14,Y,65.461
a14,K,28.588
a15,C,20.223
a15,M,0.0
a15,Y,15.168
a15,K,64.609
a16,C,15.905
a16,M,0.0
a16,Y,14.138
a16,K,69.956
a17,C,13.035
a17,M,0.0
a17,Y,16.759
a17,K,70.206
a18,C,12.266
a18,M,0.0
a18,Y,24.531
a18,K,63.203
a19,C,0.0
a19,M,4.257
a19,Y,36.182
a19,K,59.561
a20,C,38.108
a20,M,16.937
a20,Y,0.0
a20,K,44.955
a21,C,21.649
a21,M,7.976
a21,Y,0.0
a21,K,70.375
a22,C,0.0
a22,M,16.282
a22,Y,27.475
a22,K,56.243
a23,C,40.71
a23,M,14.804
a23,Y,0.0
a23,K,44.486
a24,C,18.048
a24,M,0.0
a24,Y,16.243
a24,K,65.709
a25,C,17.771
a25,M,1.481
a25,Y,0.0
a25,K,80.748
a26,C,38.261
a26,M,17.391
a26,Y,0.0
a26,K,44.347
a27,C,40.585
a27,M,18.682
a27,Y,0.0
a27,K,40.734
a28,C,36.364
a28,M,16.327
a28,Y,0.0
a28,K,47.309
a29,C,30.871
a29,M,11.803
a29,Y,0.0
a29,K,57.326
a30,C,23.11
a30,M,0.0
a30,Y,28.888
a30,K,48.002
a31,C,21.275
a31,M,0.0
a31,Y,63.826
a31,K,14.899
a32,C,21.324
a32,M,0.0
a32,Y,14.763
a32,K,63.914
a33,C,21.46
a33,M,0.0
a33,Y,23.248
a33,K,55.291
a34,C,30.922
a34,M,0.0
a34,Y,51.536
a34,K,17.542
a35,C,30.321
a35,M,0.0
a35,Y,5.775
a35,K,63.904
a36,C,35.031
a36,M,3.624
a36,Y,0.0
a36,K,61.345
a37,C,36.916
a37,M,6.515
a37,Y,0.0
a37,K,56.57
a38,C,42.328
a38,M,13.083
a38,Y,0.0
a38,K,44.589
a39,C,43.439
a39,M,15.796
a39,Y,0.0
a39,K,40.765
a40,C,43.191
a40,M,18.596
a40,Y,0.0
a40,K,38.213
a41,C,37.128
a41,M,15.594
a41,Y,0.0
a41,K,47.279
a42,C,10.316
a42,M,0.0
a42,Y,28.886
a42,K,60.798
a43,C,0.0
a43,M,0.0
a43,Y,100.0
a43,K,0.0
a44,C,23.27
a44,M,0.0
a44,Y,35.963
a44,K,40.767
a45,C,32.374
a45,M,6.475
a45,Y,0.0
a45,K,61.151
a46,C,34.766
a46,M,13.244
a46,Y,0.0
a46,K,51.99
a47,C,34.847
a47,M,13.777
a47,Y,0.0
a47,K,51.376
a48,C,32.234
a48,M,11.64
a48,Y,0.0
a48,K,56.126
b1,C,0.0
b1,M,16.455
b1,Y,54.851
b1,K,28.694
b2,C,0.0
b2,M,12.124
b2,Y,45.465
b2,K,42.411
b3,C,4.504
b3,M,0.0
b3,Y,6.005
b3,K,89.491
b4,C,15.416
b4,M,0.0
b4,Y,7.708
b4,K,76.876
b5,C,24.071
b5,M,8.753
b5,Y,0.0
b5,K,67.176
b6,C,27.144
b6,M,7.6
b6,Y,0.0
b6,K,65.256
b7,C,28.301
b7,M,9.097
b7,Y,0.0
b7,K,62.603
b8,C,42.842
b8,M,18.706
b8,Y,0.0
b8,K,38.452
b9,C,24.769
b9,M,0.0
b9,Y,4.128
b9,K,71.102
b10,C,13.259
b10,M,0.0
b10,Y,23.203
b10,K,63.538
b11,C,10.582
b11,M,0.0
b11,Y,22.927
b11,K,66.491
b12,C,12.208
b12,M,0.0
b12,Y,20.929
b12,K,66.863
b13,C,18.538
b13,M,0.0
b13,Y,16.853
b13,K,64.609
b14,C,8.059
b14,M,0.0
b14,Y,28.208
b14,K,63.733
b15,C,15.204
b15,M,0.0
b15,Y,16.893
b15,K,67.903
b16,C,14.044
b16,M,0.0
b16,Y,17.555
b16,K,68.401
b17,C,10.794
b17,M,0.0
b17,Y,17.991
b17,K,71.215
b18,C,13.605
b18,M,0.0
b18,Y,17.007
b18,K,69.388
b19,C,5.677
b19,M,0.0
b19,Y,56.768
b19,K,37.556
b20,C,23.762
b20,M,9.721
b20,Y,0.0
b20,K,66.517
b21,C,45.38
b21,M,21.069
b21,Y,0.0
b21,K,33.55
b22,C,5.44
b22,M,8.16
b22,Y,0.0
b22,K,86.4
b23,C,0.0
b23,M,16.727
b23,Y,28.534
b23,K,54.738
b24,C,30.68
b24,M,7.159
b24,Y,0.0
b24,K,62.162
b25,C,29.439
b25,M,3.68
b25,Y,0.0
b25,K,66.882
b26,C,26.99
b26,M,2.699
b26,Y,0.0
b26,K,70.311
b27,C,35.958
b27,M,14.852
b27,Y,0.0
b27,K,49.189
b28,C,36.649
b28,M,15.707
b28,Y,0.0
b28,K,47.645
b29,C,41.241
b29,M,19.371
b29,Y,0.0
b29,K,39.388
b30,C,40.729
b30,M,18.748
b30,Y,0.0
b30,K,40.523
b31,C,29.335
b31,M,5.641
b31,Y,0.0
b31,K,65.024
b32,C,24.017
b32,M,0.0
b32,Y,4.238
b32,K,71.745
b33,C,32.104
b33,M,11.593
b33,Y,0.0
b33,K,56.304
b34,C,31.139
b34,M,8.758
b34,Y,0.0
b34,K,60.103
b35,C,26.804
b35,M,4.662
b35,Y,0.0
b35,K,68.534
b36,C,32.693
b36,M,12.905
b36,Y,0.0
b36,K,54.401
b37,C,35.485
b37,M,15.428
b37,Y,0.0
b37,K,49.086
b38,C,29.189
b38,M,12.77
b38,Y,0.0
b38,K,58.041
b39,C,33.67
b39,M,15.232
b39,Y,0.0
b39,K,51.099
b40,C,29.587
b40,M,9.862
b40,Y,0.0
b40,K,60.551
b41,C,0.0
b41,M,0.0
b41,Y,54.426
b41,K,45.574
b42,C,26.242
b42,M,0.0
b42,Y,29.991
b42,K,43.767
b43,C,27.447
b43,M,0.0
b43,Y,4.117
b43,K,68.435
b44,C,33.636
b44,M,7.914
b44,Y,0.0
b44,K,58.45
b45,C,37.714
b45,M,13.854
b45,Y,0.0
b45,K,48.432
b46,C,32.65
b46,M,10.883
b46,Y,0.0
b46,K,56.466
b47,C,34.017
b47,M,13.275
b47,Y,0.0
b47,K,52.709
b48,C,33.524
b48,M,13.41
b48,Y,0.0
b48,K,53.066
c1,C,0.0
c1,M,13.755
c1,Y,50.893
c1,K,35.353
c2,C,23.779
c2,M,10.339
c2,Y,0.0
c2,K,65.883
c3,C,36.71
c3,M,17.995
c3,Y,0.0
c3,K,45.294
c4,C,33.449
c4,M,13.38
c4,Y,0.0
c4,K,53.171
c5,C,40.126
c5,M,17.388
c5,Y,0.0
c5,K,42.486
c6,C,40.415
c6,M,18.904
c6,Y,0.0
c6,K,40.681
c7,C,37.254
c7,M,14.445
c7,Y,0.0
c7,K,48.301
c8,C,33.51
c8,M,5.585
c8,Y,0.0
c8,K,60.905
c9,C,8.223
c9,M,0.0
c9,Y,18.09
c9,K,73.688
c10,C,18.311
c10,M,0.0
c10,Y,1.409
c10,K,80.281
c11,C,15.166
c11,M,0.0
c11,Y,12.133
c11,K,72.701
c12,C,17.323
c12,M,0.0
c12,Y,24.253
c12,K,58.424
c13,C,12.487
c13,M,0.0
c13,Y,21.406
c13,K,66.107
c14,C,14.827
c14,M,0.0
c14,Y,13.179
c14,K,71.994
c15,C,18.048
c15,M,0.0
c15,Y,19.853
c15,K,62.099
c16,C,23.597
c16,M,7.866
c16,Y,0.0
c16,K,68.538
c17,C,39.99
c17,M,16.548
c17,Y,0.0
c17,K,43.462
c18,C,33.788
c18,M,7.63
c18,Y,0.0
c18,K,58.583
c19,C,12.249
c19,M,0.0
c19,Y,30.622
c19,K,57.129
c20,C,0.0
c20,M,2.141
c20,Y,42.825
c20,K,55.034
c21,C,36.639
c21,M,16.854
c21,Y,0.0
c21,K,46.507
c22,C,45.99
c22,M,21.391
c22,Y,0.0
c22,K,32.619
c23,C,29.66
c23,M,14.83
c23,Y,0.0
c23,K,55.51
c24,C,0.0
c24,M,22.354
c24,Y,35.601
c24,K,42.045
c25,C,0.0
c25,M,18.85
c25,Y,32.045
c25,K,49.106
c26,C,3.041
c26,M,0.0
c26,Y,3.041
c26,K,93.918
c27,C,15.524
c27,M,0.0
c27,Y,0.0
c27,K,84.476
c28,C,2.941
c28,M,0.0
c28,Y,13.236
c28,K,83.823
c29,C,0.0
c29,M,9.566
c29,Y,21.523
c29,K,68.911
c30,C,14.688
c30,M,7.344
c30,Y,0.0
c30,K,77.969
c31,C,28.008
c31,M,15.359
c31,Y,0.0
c31,K,56.633
c32,C,27.425
c32,M,12.294
c32,Y,0.0
c32,K,60.28
c33,C,23.051
c33,M,5.763
c33,Y,0.0
c33,K,71.186
c34,C,30.835
c34,M,14.561
c34,Y,0.0
c34,K,54.603
c35,C,36.506
c35,M,17.895
c35,Y,0.0
c35,K,45.598
c36,C,31.214
c36,M,16.428
c36,Y,0.0
c36,K,52.358
c37,C,31.292
c37,M,17.652
c37,Y,0.0
c37,K,51.056
c38,C,30.087
c38,M,12.764
c38,Y,0.0
c38,K,57.149
c39,C,0.0
c39,M,5.435
c39,Y,39.858
c39,K,54.707
c40,C,0.0
c40,M,0.0
c40,Y,66.792
c40,K,33.208
c41,C,22.437
c41,M,0.0
c41,Y,11.219
c41,K,66.344
c42,C,34.309
c42,M,3.549
c42,Y,0.0
c42,K,62.142
c43,C,38.832
c43,M,12.944
c43,Y,0.0
c43,K,48.223
c44,C,38.229
c44,M,14.992
c44,Y,0.0
c44,K,46.78
c45,C,35.225
c45,M,12.028
c45,Y,0.0
c45,K,52.748
c46,C,40.816
c46,M,14.577
c46,Y,0.0
c46,K,44.606
c47,C,42.761
c47,M,18.326
c47,Y,0.0
c47,K,38.913
c48,C,41.71
c48,M,18.676
c48,Y,0.0
c48,K,39.613
d1,C,2.808
d1,M,0.0
d1,Y,15.442
d1,K,81.751
d2,C,36.497
d2,M,18.979
d2,Y,0.0
d2,K,44.524
d3,C,29.53
d3,M,13.423
d3,Y,0.0
d3,K,57.047
d4,C,34.054
d4,M,13.289
d4,Y,0.0
d4,K,52.656
d5,C,41.332
d5,M,19.414
d5,Y,0.0
d5,K,39.254
d6,C,38.376
d6,M,17.444
d6,Y,0.0
d6,K,44.18
d7,C,28.485
d7,M,9.822
d7,Y,0.0
d7,K,61.693
d8,C,26.614
d8,M,7.452
d8,Y,0.0
d8,K,65.935
d9,C,37.348
d9,M,17.237
d9,Y,0.0
d9,K,45.415
d10,C,36.895
d10,M,17.362
d10,Y,0.0
d10,K,45.743
d11,C,35.92
d11,M,16.463
d11,Y,0.0
d11,K,47.617
d12,C,16.567
d12,M,0.0
d12,Y,9.037
d12,K,74.396
d13,C,14.265
d13,M,0.0
d13,Y,23.18
d13,K,62.555
d14,C,13.029
d14,M,0.0
d14,Y,24.197
d14,K,62.774
d15,C,0.0
d15,M,0.0
d15,Y,80.378
d15,K,19.622
d16,C,7.019
d16,M,0.0
d16,Y,19.304
d16,K,73.677
d17,C,28.537
d17,M,12.888
d17,Y,0.0
d17,K,58.576
d18,C,36.191
d18,M,15.833
d18,Y,0.0
d18,K,47.976
d19,C,31.409
d19,M,7.582
d19,Y,0.0
d19,K,61.009
d20,C,27.271
d20,M,0.0
d20,Y,11.229
d20,K,61.5
d21,C,2.107
d21,M,0.0
d21,Y,35.815
d21,K,62.079
d22,C,34.197
d22,M,15.11
d22,Y,0.0
d22,K,50.692
d23,C,45.876
d23,M,21.3
d23,Y,0.0
d23,K,32.824
d24,C,36.223
d24,M,18.111
d24,Y,0.0
d24,K,45.666
d25,C,0.0
d25,M,22.256
d25,Y,30.498
d25,K,47.246
d26,C,0.0
d26,M,27.806
d26,Y,49.434
d26,K,22.76
d27,C,0.0
d27,M,20.993
d27,Y,45.984
d27,K,33.024
d28,C,0.0
d28,M,21.486
d28,Y,44.762
d28,K,33.752
d29,C,0.0
d29,M,31.927
d29,Y,61.626
d29,K,6.447
d30,C,0.0
d30,M,33.279
d30,Y,57.353
d30,K,9.369
d31,C,0.0
d31,M,33.896
d31,Y,59.319
d31,K,6.785
d32,C,0.0
d32,M,29.289
d32,Y,50.72
d32,K,19.991
d33,C,0.0
d33,M,27.086
d33,Y,43.755
d33,K,29.159
d34,C,0.0
d34,M,25.107
d34,Y,38.802
d34,K,36.09
d35,C,0.0
d35,M,20.421
d35,Y,28.411
d35,K,51.168
d36,C,0.0
d36,M,14.445
d36,Y,22.223
d36,K,63.332
d37,C,0.0
d37,M,6.551
d37,Y,32.755
d37,K,60.694
d38,C,19.237
d38,M,0.0
d38,Y,26.931
d38,K,53.832
d39,C,23.656
d39,M,0.0
d39,Y,18.925
d39,K,57.419
d40,C,36.635
d40,M,6.931
d40,Y,0.0
d40,K,56.434
d41,C,45.019
d41,M,20.008
d41,Y,0.0
d41,K,34.973
d42,C,45.311
d42,M,20.138
d42,Y,0.0
d42,K,34.551
d43,C,43.677
d43,M,18.548
d43,Y,0.0
d43,K,37.776
d44,C,42.226
d44,M,17.647
d44,Y,0.0
d44,K,40.128
d45,C,37.43
d45,M,14.972
d45,Y,0.0
d45,K,47.599
d46,C,35.516
d46,M,14.207
d46,Y,0.0
d46,K,50.277
d47,C,35.55
d47,M,15.456
d47,Y,0.0
d47,K,48.994
d48,C,38.683
d48,M,18.651
d48,Y,0.0
d48,K,42.666
e1,C,6.89
e1,M,0.0
e1,Y,9.647
e1,K,83.463
e2,C,38.463
e2,M,18.882
e2,Y,0.0
e2,K,42.656
e3,C,33.713
e3,M,17.248
e3,Y,0.0
e3,K,49.039
e4,C,36.548
e4,M,17.543
e4,Y,0.0
e4,K,45.91
e5,C,40.524
e5,M,17.272
e5,Y,0.0
e5,K,42.204
e6,C,40.251
e6,M,18.476
e6,Y,0.0
e6,K,41.273
e7,C,40.968
e7,M,19.162
e7,Y,0.0
e7,K,39.869
e8,C,39.446
e8,M,17.683
e8,Y,0.0
e8,K,42.871
e9,C,40.214
e9,M,18.767
e9,Y,0.0
e9,K,41.019
e10,C,40.259
e10,M,17.446
e10,Y,0.0
e10,K,42.296
e11,C,42.407
e11,M,20.58
e11,Y,0.0
e11,K,37.012
e12,C,22.611
e12,M,2.512
e12,Y,0.0
e12,K,74.877
e13,C,3.054
e13,M,0.0
e13,Y,73.285
e13,K,23.662
e14,C,30.333
e14,M,9.785
e14,Y,0.0
e14,K,59.883
e15,C,16.36
e15,M,2.727
e15,Y,0.0
e15,K,80.913
e16,C,13.565
e16,M,0.0
e16,Y,6.029
e16,K,80.407
e17,C,17.392
e17,M,0.0
e17,Y,0.0
e17,K,82.608
e18,C,23.347
e18,M,9.551
e18,Y,0.0
e18,K,67.102
e19,C,40.538
e19,M,19.304
e19,Y,0.0
e19,K,40.157
e20,C,38.117
e20,M,16.941
e20,Y,0.0
e20,K,44.943
e21,C,14.999
e21,M,0.0
e21,Y,24.373
e21,K,60.628
e22,C,0.0
e22,M,10.586
e22,Y,61.4
e22,K,28.014
e23,C,17.903
e23,M,3.836
e23,Y,0.0
e23,K,78.261
e24,C,41.485
e24,M,18.509
e24,Y,0.0
e24,K,40.006
e25,C,44.085
e25,M,20.302
e25,Y,0.0
e25,K,35.613
e26,C,27.423
e26,M,14.626
e26,Y,0.0
e26,K,57.951
e27,C,7.511
e27,M,0.0
e27,Y,1.502
e27,K,90.986
e28,C,10.194
e28,M,0.0
e28,Y,7.282
e28,K,82.524
e29,C,12.576
e29,M,0.0
e29,Y,2.795
e29,K,84.629
e30,C,3.018
e30,M,0.0
e30,Y,13.581
e30,K,83.401
e31,C,5.852
e31,M,0.0
e31,Y,7.315
e31,K,86.832
e32,C,0.0
e32,M,0.0
e32,Y,10.78
e32,K,89.22
e33,C,0.0
e33,M,5.908
e33,Y,29.541
e33,K,64.551
e34,C,0.0
e34,M,12.035
e34,Y,48.142
e34,K,39.823
e35,C,0.0
e35,M,8.044
e35,Y,58.316
e35,K,33.641
e36,C,14.561
e36,M,0.0
e36,Y,12.943
e36,K,72.495
e37,C,36.441
e37,M,13.467
e37,Y,0.0
e37,K,50.092
e38,C,39.561
e38,M,18.104
e38,Y,0.0
e38,K,42.335
e39,C,40.455
e39,M,19.233
e39,Y,0.0
e39,K,40.312
e40,C,36.539
e40,M,17.151
e40,Y,0.0
e40,K,46.31
e41,C,33.183
e41,M,12.763
e41,Y,0.0
e41,K,54.054
e42,C,20.362
e42,M,0.0
e42,Y,2.715
e42,K,76.923
e43,C,6.773
e43,M,0.0
e43,Y,30.478
e43,K,62.749
e44,C,3.847
e44,M,0.0
e44,Y,42.32
e44,K,53.832
e45,C,4.971
e45,M,0.0
e45,Y,62.141
e45,K,32.888
e46,C,2.294
e46,M,0.0
e46,Y,57.36
e46,K,40.346
e47,C,2.026
e47,M,0.0
e47,Y,50.66
e47,K,47.314
e48,C,7.284
e48,M,0.0
e48,Y,36.418
e48,K,56.298
f1,C,17.936
f1,M,5.979
f1,Y,0.0
f1,K,76.086
f2,C,36.859
f2,M,16.549
f2,Y,0.0
f2,K,46.591
f3,C,33.35
f3,M,16.268
f3,Y,0.0
f3,K,50.381
f4,C,37.038
f4,M,17.778
f4,Y,0.0
f4,K,45.184
f5,C,40.929
f5,M,18.191
f5,Y,0.0
f5,K,40.88
f6,C,39.153
f6,M,18.546
f6,Y,0.0
f6,K,42.301
f7,C,39.116
f7,M,18.491
f7,Y,0.0
f7,K,42.393
f8,C,40.199
f8,M,18.089
f8,Y,0.0
f8,K,41.712
f9,C,37.615
f9,M,16.964
f9,Y,0.0
f9,K,45.421
f10,C,40.289
f10,M,17.458
f10,Y,0.0
f10,K,42.253
f11,C,39.429
f11,M,18.677
f11,Y,0.0
f11,K,41.895
f12,C,18.963
f12,M,2.528
f12,Y,0.0
f12,K,78.509
f13,C,20.628
f13,M,1.289
f13,Y,0.0
f13,K,78.083
f14,C,33.092
f14,M,10.733
f14,Y,0.0
f14,K,56.175
f15,C,19.304
f15,M,0.0
f15,Y,5.515
f15,K,75.181
f16,C,18.396
f16,M,2.628
f16,Y,0.0
f16,K,78.976
f17,C,18.607
f17,M,0.0
f17,Y,10.019
f17,K,71.374
f18,C,12.918
f18,M,0.0
f18,Y,12.918
f18,K,74.164
f19,C,10.13
f19,M,0.0
f19,Y,2.894
f19,K,86.976
f20,C,39.046
f20,M,18.458
f20,Y,0.0
f20,K,42.496
f21,C,39.807
f21,M,16.472
f21,Y,0.0
f21,K,43.721
f22,C,24.68
f22,M,0.0
f22,Y,2.598
f22,K,72.722
f23,C,0.0
f23,M,3.74
f23,Y,46.755
f23,K,49.505
f24,C,0.0
f24,M,7.983
f24,Y,41.513
f24,K,50.504
f25,C,5.993
f25,M,0.0
f25,Y,13.483
f25,K,80.524
f26,C,26.105
f26,M,6.526
f26,Y,0.0
f26,K,67.369
f27,C,31.342
f27,M,11.641
f27,Y,0.0
f27,K,57.016
f28,C,33.135
f28,M,12.744
f28,Y,0.0
f28,K,54.121
f29,C,29.376
f29,M,10.424
f29,Y,0.0
f29,K,60.201
f30,C,22.114
f30,M,2.457
f30,Y,0.0
f30,K,75.429
f31,C,16.68
f31,M,0.0
f31,Y,9.73
f31,K,73.59
f32,C,10.05
f32,M,0.0
f32,Y,26.8
f32,K,63.15
f33,C,18.971
f33,M,0.0
f33,Y,32.767
f33,K,48.262
f34,C,16.936
f34,M,0.0
f34,Y,37.636
f34,K,45.428
f35,C,14.996
f35,M,0.0
f35,Y,41.238
f35,K,43.767
f36,C,10.285
f36,M,0.0
f36,Y,34.283
f36,K,55.432
f37,C,9.031
f37,M,0.0
f37,Y,19.568
f37,K,71.401
f38,C,7.472
f38,M,0.0
f38,Y,19.427
f38,K,73.101
f39,C,6.411
f39,M,0.0
f39,Y,27.245
f39,K,66.344
f40,C,11.985
f40,M,0.0
f40,Y,29.106
f40,K,58.91
f41,C,12.851
f41,M,0.0
f41,Y,38.553
f41,K,48.596
f42,C,18.332
f42,M,0.0
f42,Y,40.331
f42,K,41.337
f43,C,22.251
f43,M,0.0
f43,Y,28.609
f43,K,49.14
f44,C,20.902
f44,M,0.0
f44,Y,30.549
f44,K,48.55
f45,C,19.672
f45,M,0.0
f45,Y,27.239
f45,K,53.089
f46,C,20.086
f46,M,0.0
f46,Y,25.824
f46,K,54.09
f47,C,17.128
f47,M,0.0
f47,Y,29.975
f47,K,52.897
f48,C,16.398
f48,M,0.0
f48,Y,31.305
f48,K,52.297
